City_ID,City,Country,Date,Lat,Lng,Max Temp,Humidity,Cloudiness,Wind Speed
0,Karia,NG,2022-07-21 17:15:40,11.7306,11.1629,87.06,47,94,3.6
1,Kamenka,RU,2022-07-21 17:15:41,51.3223,42.7678,59.27,80,70,5.19
2,Mar Del Plata,AR,2022-07-21 17:10:51,-38.0023,-57.5575,56.08,53,0,14.0
3,Longyearbyen,SJ,2022-07-21 17:15:41,78.2186,15.6401,49.84,87,75,5.75
4,Shelburne,CA,2022-07-21 17:15:42,44.0787,-80.2041,74.19,72,61,19.24
5,Camacha,PT,2022-07-21 17:14:56,33.0833,-16.3333,69.22,68,75,16.11
6,Hithadhoo,MV,2022-07-21 17:15:42,-0.6,73.0833,81.07,73,100,5.21
7,Vila Velha,BR,2022-07-21 17:15:43,-20.3297,-40.2925,80.55,78,40,11.5
8,Letterkenny,IE,2022-07-21 17:15:43,54.95,-7.7333,60.69,60,99,8.39
9,Taoudenni,ML,2022-07-21 17:15:43,22.6783,-3.9836,107.01,17,41,8.1
10,Salalah,OM,2022-07-21 17:15:25,17.0151,54.0924,77.09,94,100,6.91
11,Charlestown,AU,2022-07-21 17:13:04,-32.95,151.6667,62.73,81,100,5.99
12,Busselton,AU,2022-07-21 17:14:47,-33.65,115.3333,57.72,77,68,12.41
13,Nanortalik,GL,2022-07-21 17:15:46,60.1432,-45.2371,52.23,73,6,14.2
14,Camargo,MX,2022-07-21 17:15:47,27.6667,-105.1667,91.09,24,8,2.59
15,Tasiilaq,GL,2022-07-21 17:15:47,65.6145,-37.6368,42.96,73,91,2.77
16,Japura,ID,2022-07-21 17:15:47,-0.3167,102.35,74.01,97,91,2.24
17,Camacupa,AO,2022-07-21 17:15:48,-12.0167,17.4833,69.4,28,21,3.78
18,Bam,IR,2022-07-21 17:15:48,29.106,58.357,95.9,12,14,4.7
19,Ushuaia,AR,2022-07-21 17:15:49,-54.8,-68.3,31.66,86,40,25.32
20,Hermanus,ZA,2022-07-21 17:15:49,-34.4187,19.2345,46.8,75,48,2.39
21,Qaanaaq,GL,2022-07-21 17:15:50,77.484,-69.3632,45.9,70,100,4.88
22,Mahebourg,MU,2022-07-21 17:15:50,-20.4081,57.7,70.09,73,40,14.97
23,Barranco,PA,2022-07-21 17:15:51,9.5167,-82.7,81.36,80,100,3.58
24,Zafra,ES,2022-07-21 17:15:51,38.4167,-6.4167,100.69,11,22,12.82
25,Zhezkazgan,KZ,2022-07-21 17:15:52,47.8043,67.7144,84.29,24,39,10.45
26,Benghazi,LY,2022-07-21 17:15:52,32.1167,20.0667,80.04,61,0,16.4
27,Bud,US,2022-07-21 17:15:52,39.447,-86.1758,88.41,53,0,8.95
28,Punta Arenas,CL,2022-07-21 17:12:20,-53.15,-70.9167,35.71,75,20,27.63
29,Walvis Bay,NA,2022-07-21 17:12:36,-22.9575,14.5053,58.08,72,0,12.41
30,Longonjo,AO,2022-07-21 17:15:53,-12.9067,15.2533,70.9,24,8,3.71
31,Jamestown,US,2022-07-21 17:14:55,42.097,-79.2353,80.53,66,75,17.27
32,Meulaboh,ID,2022-07-21 17:15:54,4.1363,96.1285,77.68,84,100,4.56
33,Rio Cuarto,AR,2022-07-21 17:15:54,-33.1307,-64.3499,64.67,31,0,13.8
34,Beitbridge,ZW,2022-07-21 17:15:55,-22.2167,30.0,70.88,50,13,10.47
35,Port-Gentil,GA,2022-07-21 17:15:55,-0.7193,8.7815,76.96,83,40,11.5
36,Nuuk,GL,2022-07-21 17:15:56,64.1835,-51.7216,59.61,67,40,21.85
37,Bubaque,GW,2022-07-21 17:15:56,11.2833,-15.8333,78.48,86,85,19.8
38,Souillac,MU,2022-07-21 17:15:57,-20.5167,57.5167,70.18,73,40,14.97
39,Cape Town,ZA,2022-07-21 17:12:24,-33.9258,18.4232,58.26,78,62,3.0
40,Qandala,SO,2022-07-21 17:15:57,11.472,49.8728,88.99,53,37,2.64
41,Arlit,NE,2022-07-21 17:15:58,18.7369,7.3853,104.56,9,2,10.4
42,Grindavik,IS,2022-07-21 17:15:58,63.8424,-22.4338,57.15,87,75,9.22
43,Shevchenkove,UA,2022-07-21 17:15:59,49.6959,37.1735,61.16,87,67,8.32
44,Champawat,IN,2022-07-21 17:16:59,29.3333,80.1,64.54,94,100,0.18
45,Gandu,BR,2022-07-21 17:17:00,-13.7439,-39.4867,71.38,92,94,4.16
46,Dhidhdhoo,MV,2022-07-21 17:17:00,6.8833,73.1,81.72,80,100,18.43
47,Troitsko-Pechorsk,RU,2022-07-21 17:17:01,62.7084,56.1964,60.64,83,78,5.21
48,Lebu,CL,2022-07-21 17:17:01,-37.6167,-73.65,53.04,80,89,5.99
49,Puerto Maldonado,PE,2022-07-21 17:17:02,-12.6,-69.1833,88.2,51,40,5.75
50,Ponta Do Sol,PT,2022-07-21 17:15:51,32.6667,-17.1,75.13,65,1,3.76
51,Funza,CO,2022-07-21 17:15:02,4.7164,-74.212,59.04,77,75,4.61
52,Miquelon,PM,2022-07-21 17:17:02,47.0975,-56.3814,68.0,91,9,19.95
53,Nioro,GM,2022-07-21 17:17:03,13.35,-15.75,84.83,69,97,1.9
54,Georgetown,MY,2022-07-21 17:15:13,5.4112,100.3354,83.89,88,20,2.3
55,Ilulissat,GL,2022-07-21 17:14:47,69.2167,-51.1,57.22,54,75,6.91
56,High Rock,BS,2022-07-21 17:17:04,26.6208,-78.2833,89.62,70,8,12.24
57,Clyde River,CA,2022-07-21 17:16:38,70.4692,-68.5914,41.23,93,100,13.8
58,Cotacachi,EC,2022-07-21 17:17:05,0.3,-78.2667,69.35,63,97,5.26
59,Moramanga,MG,2022-07-21 17:17:05,-18.9333,48.2,50.54,99,28,2.68
60,Salta,AR,2022-07-21 17:16:24,-24.7859,-65.4117,76.57,34,0,3.44
61,Saint-Pierre,RE,2022-07-21 17:17:06,-21.3393,55.4781,67.68,75,0,9.22
62,Mayumba,GA,2022-07-21 17:17:06,-3.432,10.6554,72.79,86,20,8.08
63,Adrar,MR,2022-07-21 17:17:07,20.5022,-10.0711,101.62,23,23,9.51
64,Bredasdorp,ZA,2022-07-21 17:17:07,-34.5322,20.0403,49.24,86,30,1.3
65,Pasni,PK,2022-07-21 17:17:07,25.2631,63.471,83.19,85,67,14.0
66,Sao Filipe,CV,2022-07-21 17:15:31,14.8961,-24.4956,75.76,86,75,7.76
67,Puerto Del Rosario,ES,2022-07-21 17:17:08,28.5004,-13.8627,80.35,69,0,16.11
68,Laguna,US,2022-07-21 17:17:09,38.421,-121.4238,90.09,48,0,8.05
69,Honningsvag,NO,2022-07-21 17:17:09,70.9821,25.9704,56.95,88,100,0.0
70,Ketou,BJ,2022-07-21 17:17:09,7.3633,2.5998,83.3,66,90,3.29
71,Rajakhera,IN,2022-07-21 17:17:10,26.8961,78.1714,84.85,74,100,10.69
72,Bathsheba,BB,2022-07-21 17:17:11,13.2167,-59.5167,88.41,83,20,25.32
73,Saint-Philippe,RE,2022-07-21 17:17:12,-21.3585,55.7679,67.59,76,58,16.44
74,Castro,BR,2022-07-21 17:15:27,-24.7911,-50.0119,72.68,52,9,7.65
75,Caravelas,BR,2022-07-21 17:17:12,-17.7125,-39.2481,77.49,63,2,8.46
76,Qarqin,AF,2022-07-21 17:17:13,37.4185,66.0436,99.46,10,0,8.03
77,Calama,CL,2022-07-21 17:15:11,-22.4667,-68.9333,72.09,9,0,5.75
78,Porbandar,IN,2022-07-21 17:17:13,21.6422,69.6093,82.36,80,99,16.69
79,Ust-Koksa,RU,2022-07-21 17:17:14,50.2696,85.6108,52.99,94,99,1.99
80,Ambatondrazaka,MG,2022-07-21 17:17:14,-17.8333,48.4167,54.79,91,30,5.97
81,Bukama,CD,2022-07-21 17:17:15,-9.2,25.85,81.3,34,51,2.75
82,Port Elizabeth,ZA,2022-07-21 17:17:15,-33.918,25.5701,54.1,89,0,3.0
83,Leh,IN,2022-07-21 17:17:16,34.1667,77.5833,70.23,13,85,5.79
84,Chuy,UY,2022-07-21 17:14:51,-33.6971,-53.4616,62.24,84,100,10.22
85,Sao Joao Da Barra,BR,2022-07-21 17:17:16,-21.6403,-41.0511,78.89,71,21,9.84
86,Voskresenskoye,RU,2022-07-21 17:17:17,56.8381,45.4317,61.18,83,99,5.28
87,Port Alfred,ZA,2022-07-21 17:18:18,-33.5906,26.891,54.18,89,0,6.02
88,Tamale,GH,2022-07-21 17:18:18,9.4008,-0.8393,87.55,47,67,0.98
89,Bobo Dioulasso,BF,2022-07-21 17:18:18,11.1771,-4.2979,82.67,57,94,7.45
90,Puerto Quijarro,BO,2022-07-21 17:18:19,-17.7833,-57.7667,95.32,20,100,7.63
91,Provins,FR,2022-07-21 17:18:19,48.5833,3.1667,81.36,31,18,8.14
92,Cayenne,GF,2022-07-21 17:18:20,4.9333,-52.3333,87.84,5,20,9.22
93,Sur,OM,2022-07-21 17:18:21,22.5667,59.5289,89.06,65,98,10.29
94,Dikson,RU,2022-07-21 17:18:21,73.5069,80.5464,42.85,89,100,22.68
95,Dingle,PH,2022-07-21 17:18:22,10.9995,122.6711,77.85,91,100,5.08
96,Dunmore Town,BS,2022-07-21 17:18:22,25.5,-76.65,82.69,75,29,15.12
97,Havoysund,NO,2022-07-21 17:18:23,70.9963,24.6622,57.43,97,100,9.91
98,Pimenta Bueno,BR,2022-07-21 17:18:23,-11.6725,-61.1936,95.36,22,4,5.01
99,Rocha,UY,2022-07-21 17:18:24,-34.4833,-54.3333,59.0,72,79,9.44
100,Gorgan,IR,2022-07-21 17:18:24,36.8387,54.4348,80.56,78,40,4.61
101,Sumbe,AO,2022-07-21 17:18:25,-11.2061,13.8437,69.6,82,27,6.44
102,East London,ZA,2022-07-21 17:18:25,-33.0153,27.9116,56.34,88,0,6.91
103,Pisco,PE,2022-07-21 17:16:24,-13.7,-76.2167,66.02,77,75,6.91
104,Klaksvik,FO,2022-07-21 17:18:26,62.2266,-6.589,50.92,82,43,10.6
105,Lasa,IT,2022-07-21 17:15:56,46.6166,10.7002,81.48,69,53,2.06
106,Gemena,CD,2022-07-21 17:18:28,3.25,19.7667,72.79,96,81,0.34
107,Mehamn,NO,2022-07-21 17:18:28,71.0357,27.8492,60.75,88,75,0.0
108,Luderitz,NA,2022-07-21 17:18:04,-26.6481,15.1594,63.25,57,0,9.6
109,Sinjar,IQ,2022-07-21 17:18:29,36.3209,41.8754,93.07,15,0,13.2
110,Henties Bay,NA,2022-07-21 17:18:29,-22.116,14.2845,57.92,81,1,10.6
111,Augustow,PL,2022-07-21 17:18:29,53.8432,22.9798,76.95,71,23,3.58
112,Saldanha,ZA,2022-07-21 17:15:24,-33.0117,17.9442,51.85,73,50,9.04
113,Kemin,KG,2022-07-21 17:18:30,42.7846,75.6892,74.16,25,0,4.97
114,Panguipulli,CL,2022-07-21 17:18:30,-39.6333,-72.3333,45.81,93,100,1.3
115,Ancud,CL,2022-07-21 17:18:31,-41.8697,-73.8203,41.23,82,100,13.13
116,Rabo De Peixe,PT,2022-07-21 17:18:31,37.8,-25.5833,72.91,73,75,6.91
117,Muros,ES,2022-07-21 17:18:32,42.7762,-9.0603,81.68,72,7,16.42
118,Korla,CN,2022-07-21 17:18:32,41.7597,86.1469,80.46,28,0,4.21
119,Hakkari,TR,2022-07-21 17:14:39,37.5833,44.1667,74.98,20,0,9.22
120,Vardo,NO,2022-07-21 17:16:37,70.3705,31.1107,57.18,94,0,6.91
121,Leshukonskoye,RU,2022-07-21 17:18:33,64.8989,45.7622,68.92,54,25,7.4
122,Tabas,IR,2022-07-21 17:18:33,33.5959,56.9244,96.01,10,0,6.46
123,Faya,SA,2022-07-21 17:18:34,18.3851,42.4509,69.91,53,96,5.93
124,Aleksandrov Gay,RU,2022-07-21 17:18:34,50.147,48.5704,71.4,57,83,8.28
125,Taua,BR,2022-07-21 17:18:35,-5.9667,-40.3,82.11,47,98,8.86
126,Akureyri,IS,2022-07-21 17:14:21,65.6835,-18.0878,53.53,71,75,14.97
127,Husavik,IS,2022-07-21 17:18:35,66.0449,-17.3389,50.72,78,76,6.49
128,Lagoa,PT,2022-07-21 17:15:21,39.05,-27.9833,72.82,80,72,4.41
129,Aksum,ET,2022-07-21 17:18:36,14.1245,38.7244,60.85,85,99,10.07
130,Cap Malheureux,MU,2022-07-21 17:18:37,-19.9842,57.6142,68.47,70,62,7.0
131,Clones,IE,2022-07-21 17:18:37,54.1833,-7.2333,63.84,64,99,6.44
132,Sao Felix Do Xingu,BR,2022-07-21 17:18:37,-6.6447,-51.995,95.85,22,5,3.62
133,Bambous Virieux,MU,2022-07-21 17:18:38,-20.3428,57.7575,70.05,73,40,14.97
134,Tucuman,AR,2022-07-21 17:16:38,-26.8241,-65.2226,69.8,40,84,12.66
135,Narsaq,GL,2022-07-21 17:18:38,60.9167,-46.05,66.42,71,8,8.03
136,Ribeira Grande,PT,2022-07-21 17:16:14,38.5167,-28.7,77.4,78,40,8.05
137,Riyadh,SA,2022-07-21 17:16:33,24.6877,46.7219,104.14,7,48,12.01
138,Olden,NO,2022-07-21 17:19:39,61.8364,6.8064,58.12,78,58,7.05
139,Salinopolis,BR,2022-07-21 17:19:40,-0.6136,-47.3561,84.6,65,25,9.06
140,Los Llanos De Aridane,ES,2022-07-21 17:19:40,28.6585,-17.9182,73.15,73,20,18.41
141,Hwange,ZW,2022-07-21 17:19:41,-18.3693,26.5019,70.21,43,71,4.14
142,Izazi,TZ,2022-07-21 17:19:41,-7.2,35.7333,70.72,54,57,6.26
143,Corinto,GR,2022-07-21 17:19:41,37.9407,22.9573,91.42,31,0,9.08
144,Zelenikovo,MK,2022-07-21 17:19:42,41.8867,21.5869,91.45,24,0,8.05
145,Vestmannaeyjar,IS,2022-07-21 17:19:42,63.4427,-20.2734,50.99,100,100,6.91
146,Mangai,CD,2022-07-21 17:19:43,-4.05,19.5333,83.86,39,73,0.78
147,Codrington,AU,2022-07-21 17:19:43,-38.2667,141.9667,47.01,85,17,12.24
148,Torbay,CA,2022-07-21 17:15:45,47.6666,-52.7314,76.87,58,75,18.41
149,Menongue,AO,2022-07-21 17:19:44,-14.6585,17.691,65.89,27,5,3.98
150,Veraval,IN,2022-07-21 17:19:44,20.9,70.3667,82.0,80,100,15.12
151,Alta Floresta,BR,2022-07-21 17:19:45,-9.8756,-56.0861,96.62,26,0,6.91
152,Praia,CV,2022-07-21 17:16:33,14.9215,-23.5087,82.94,69,75,12.66
153,Dapaong,TG,2022-07-21 17:19:45,10.8639,0.205,85.26,52,99,3.0
154,Monte Alegre De Minas,BR,2022-07-21 17:19:46,-18.8706,-48.8808,84.18,25,6,10.71
155,Kuryk,KZ,2022-07-21 17:19:46,43.2,51.65,91.2,34,79,7.45
156,Tabuk,PH,2022-07-21 17:19:46,17.4189,121.4443,76.41,89,54,2.28
157,Thunder Bay,CA,2022-07-21 17:15:48,48.4001,-89.3168,80.58,44,75,14.97
158,Arraial Do Cabo,BR,2022-07-21 17:19:47,-22.9661,-42.0278,78.76,69,20,16.11
159,Hamilton,US,2022-07-21 17:19:09,39.1834,-84.5333,88.95,58,40,12.66
160,Nouakchott,MR,2022-07-21 17:15:11,18.0858,-15.9785,82.33,74,72,10.31
161,Snasa,NO,2022-07-21 17:19:48,64.2457,12.3778,56.61,77,100,7.45
162,Bako,ET,2022-07-21 17:19:48,5.7833,36.5667,67.26,66,91,3.56
163,Talnakh,RU,2022-07-21 17:19:49,69.4865,88.3972,52.21,87,24,7.36
164,San Antonio,US,2022-07-21 17:15:44,29.4241,-98.4936,95.27,63,100,8.05
165,Skjervoy,NO,2022-07-21 17:19:49,70.0311,20.9714,53.6,98,100,4.16
166,Cookeville,US,2022-07-21 17:19:50,36.1628,-85.5016,86.63,83,100,9.22
167,Betare Oya,CM,2022-07-21 17:19:50,5.6,14.0833,71.91,92,100,3.49
168,Sinnamary,GF,2022-07-21 17:19:51,5.3833,-52.95,83.05,72,32,7.74
169,Aksu,CN,2022-07-21 17:19:51,41.1231,80.2644,83.7,22,0,6.55
170,Kavaratti,IN,2022-07-21 17:19:51,10.5669,72.642,80.98,81,89,20.33
171,Tsaratanana,MG,2022-07-21 17:19:52,-16.7833,47.65,64.36,70,5,13.27
172,Vuktyl,RU,2022-07-21 17:19:52,63.8567,57.3094,64.69,53,98,6.58
173,Sarangpur,IN,2022-07-21 17:19:53,23.5667,76.4667,78.84,85,100,2.24
174,Bom Jesus,BR,2022-07-21 17:19:53,-9.0744,-44.3586,94.51,22,16,7.67
175,Carauari,BR,2022-07-21 17:19:53,-4.8828,-66.8958,92.32,44,56,1.07
176,Picos,BR,2022-07-21 17:19:54,-7.0769,-41.4669,85.5,41,68,8.84
177,Piacabucu,BR,2022-07-21 17:19:54,-10.4056,-36.4344,79.45,62,80,8.9
178,Cidreira,BR,2022-07-21 17:15:03,-30.1811,-50.2056,72.45,71,97,1.68
179,Lethem,GY,2022-07-21 17:19:55,3.3803,-59.7968,86.45,64,51,6.35
180,Upernavik,GL,2022-07-21 17:15:32,72.7868,-56.1549,47.25,84,100,6.46
181,Megion,RU,2022-07-21 17:19:56,61.0296,76.1136,60.82,67,90,10.09
182,Zhanaozen,KZ,2022-07-21 17:18:12,43.3,52.8,96.58,18,44,5.23
183,Taltal,CL,2022-07-21 17:20:56,-25.4,-70.4833,62.06,74,20,5.41
184,Valparaiso,CL,2022-07-21 17:20:57,-33.0393,-71.6273,57.43,82,20,6.91
185,Kjopsvik,NO,2022-07-21 17:20:57,68.097,16.3742,59.16,90,100,0.76
186,Namibe,AO,2022-07-21 17:20:57,-15.1961,12.1522,64.47,81,0,5.32
187,San Cristobal,VE,2022-07-21 17:20:58,7.7669,-72.225,77.18,67,94,6.93
188,Saint Cloud,US,2022-07-21 17:16:37,45.5608,-94.1625,80.44,45,0,17.27
189,Pachino,IT,2022-07-21 17:20:59,36.7186,15.0907,82.06,62,0,8.57
190,Iraucuba,BR,2022-07-21 17:20:59,-3.7461,-39.7833,90.05,40,86,11.52
191,Villa Florida,PY,2022-07-21 17:20:59,-26.3833,-57.15,82.53,42,95,8.05
192,Diadema,BR,2022-07-21 17:21:00,-23.6861,-46.6228,77.11,43,0,4.61
193,Sorland,NO,2022-07-21 17:21:00,67.667,12.6934,53.46,91,100,20.11
194,Iquitos,PE,2022-07-21 17:21:01,-3.7481,-73.2472,84.24,74,75,4.61
195,Windhoek,NA,2022-07-21 17:17:12,-22.5594,17.0832,64.11,27,0,2.3
196,Chute-Aux-Outardes,CA,2022-07-21 17:21:01,49.1168,-68.399,60.78,82,100,17.27
197,Stromness,GB,2022-07-21 17:17:03,58.965,-3.296,57.16,86,43,11.01
198,Puerto Suarez,BO,2022-07-21 17:21:02,-18.95,-57.8,91.96,29,0,10.36
199,Marrakesh,MA,2022-07-21 17:18:17,31.6315,-8.0083,107.67,14,75,6.91
200,Iqaluit,CA,2022-07-21 17:21:03,63.7506,-68.5145,40.73,93,100,8.05
201,Tugulym,RU,2022-07-21 17:21:03,57.0591,64.6425,60.87,97,100,6.51
202,Doha,QA,2022-07-21 17:17:04,25.2867,51.5333,94.98,75,0,12.66
203,Letlhakeng,BW,2022-07-21 17:21:04,-24.0944,25.0298,62.06,46,93,5.3
204,Shubarshi,KZ,2022-07-21 17:21:05,48.5872,57.1869,79.68,26,99,7.85
205,Autazes,BR,2022-07-21 17:21:05,-3.5797,-59.1306,91.53,49,75,0.98
206,Tazovskiy,RU,2022-07-21 17:21:05,67.4667,78.7,44.04,86,100,3.85
207,Bengkulu,ID,2022-07-21 17:21:06,-3.8004,102.2655,75.63,92,72,4.23
208,Abalak,RU,2022-07-21 17:21:06,58.1286,68.5944,56.91,93,98,5.64
209,Muravlenko,RU,2022-07-21 17:21:07,63.7898,74.523,48.92,77,85,10.4
210,Buraydah,SA,2022-07-21 17:21:07,26.326,43.975,104.45,9,33,10.49
211,Ozinki,RU,2022-07-21 17:16:34,51.1786,49.6769,68.07,65,99,7.02
212,Dossor,KZ,2022-07-21 17:21:08,47.5272,52.9811,83.44,40,100,10.33
213,Marawi,PH,2022-07-21 17:21:08,7.9986,124.2928,68.79,94,88,2.57
214,Salym,RU,2022-07-21 17:21:09,60.0625,71.4789,54.81,71,90,5.39
215,Savannah Bight,HN,2022-07-21 17:21:09,16.45,-85.85,82.09,78,14,15.64
216,Marsh Harbour,BS,2022-07-21 17:21:10,26.5412,-77.0636,83.5,71,9,11.54
217,Heinola,FI,2022-07-21 17:21:10,61.2056,26.0381,78.03,52,19,5.7
218,Coihaique,CL,2022-07-21 17:21:11,-45.5752,-72.0662,37.35,60,75,4.61
219,Havelock,US,2022-07-21 17:21:11,34.8791,-76.9013,91.36,81,40,23.02
220,Nagaur,IN,2022-07-21 17:21:11,27.2,73.7333,87.49,63,100,14.61
221,Pangody,RU,2022-07-21 17:21:12,65.85,74.4859,43.57,87,100,9.84
222,Carballo,ES,2022-07-21 17:21:12,43.213,-8.691,76.42,84,71,11.27
223,Thinadhoo,MV,2022-07-21 17:21:13,0.5333,72.9333,82.18,70,98,11.95
224,Tudela,ES,2022-07-21 17:21:13,42.0617,-1.6045,99.5,21,0,15.9
225,Neuquen,AR,2022-07-21 17:21:14,-38.9516,-68.0591,49.89,50,0,2.3
226,Sitio Novo Do Tocantins,BR,2022-07-21 17:21:14,-5.5183,-47.4611,93.13,38,40,9.22
227,Diffa,NE,2022-07-21 17:21:15,13.3154,12.6113,89.19,43,53,6.06
228,Kruisfontein,ZA,2022-07-21 17:21:15,-34.0033,24.7314,51.89,85,0,1.54
229,Zhurivka,UA,2022-07-21 17:22:16,50.5028,31.7849,67.8,78,40,13.51
230,Yuryuzan,RU,2022-07-21 17:22:16,54.8633,58.4219,55.47,93,56,2.66
231,Antalaha,MG,2022-07-21 17:22:17,-14.9003,50.2788,67.08,88,56,8.81
232,Waynesville,US,2022-07-21 17:22:17,35.4887,-82.9887,83.73,66,82,3.0
233,Rehnan,IR,2022-07-21 17:22:17,32.6846,51.6013,87.31,10,0,10.56
234,Sokoni,TZ,2022-07-21 17:22:18,-6.4333,39.55,75.11,77,2,15.9
235,Aden,YE,2022-07-21 17:22:19,12.7794,45.0367,85.12,64,5,3.85
236,Guarapuava,BR,2022-07-21 17:22:19,-25.3953,-51.4581,71.51,53,25,5.26
237,Ostrovnoy,RU,2022-07-21 17:22:20,68.0531,39.5131,55.18,82,57,5.5
238,Key West,US,2022-07-21 17:20:00,24.5557,-81.7826,93.2,61,40,10.36
239,Karacakoy,TR,2022-07-21 17:22:21,41.4029,28.3834,78.64,79,0,12.35
240,Olinda,BR,2022-07-21 17:20:55,-8.0089,-34.8553,74.93,88,75,9.22
241,Mitsamiouli,KM,2022-07-21 17:17:28,-11.3847,43.2844,76.17,71,3,6.35
242,Omboue,GA,2022-07-21 17:22:22,-1.5746,9.2618,74.8,80,66,10.2
243,Barra Do Garcas,BR,2022-07-21 17:22:22,-15.89,-52.2567,90.18,33,0,6.91
244,Hambantota,LK,2022-07-21 17:22:22,6.1241,81.1185,79.54,82,96,20.69
245,Novosokolniki,RU,2022-07-21 17:22:23,56.3463,30.1578,68.58,75,89,4.25
246,Orbetello,IT,2022-07-21 17:22:23,42.4408,11.2196,91.42,47,0,3.44
247,Dundee,GB,2022-07-21 17:22:24,56.5,-2.9667,62.51,71,20,11.5
248,Altay,CN,2022-07-21 17:22:24,47.8667,88.1167,63.39,56,100,6.24
249,Dubreka,GN,2022-07-21 17:22:25,9.7911,-13.5233,79.36,87,98,7.38
250,Kangaatsiaq,GL,2022-07-21 17:22:25,68.3065,-53.4641,42.17,98,100,10.25
251,Kosa,RU,2022-07-21 17:22:26,59.9445,54.9977,59.81,87,26,4.12
252,Nynashamn,SE,2022-07-21 17:22:26,58.9034,17.9479,70.81,73,38,11.92
253,San Jose,US,2022-07-21 17:20:35,37.3394,-121.895,79.92,56,20,3.44
254,Wajir,KE,2022-07-21 17:22:27,1.7471,40.0573,84.16,39,20,11.5
255,Pangnirtung,CA,2022-07-21 17:22:27,66.1451,-65.7125,44.6,100,100,10.36
256,Uyuni,BO,2022-07-21 17:22:28,-20.4597,-66.825,56.14,20,99,12.66
257,Karpathos,GR,2022-07-21 17:22:28,35.507,27.2132,75.16,78,0,29.93
258,Goldsboro,US,2022-07-21 17:22:29,35.3849,-77.9928,89.53,74,100,13.8
259,Chicama,PE,2022-07-21 17:22:29,-7.8447,-79.1469,59.54,61,69,9.28
260,Novokayakent,RU,2022-07-21 17:22:30,42.3937,47.9861,73.71,82,4,8.88
261,Calbuco,CL,2022-07-21 17:22:30,-41.768,-73.1273,42.01,84,100,13.15
262,Ereymentau,KZ,2022-07-21 17:22:30,51.6199,73.1033,66.88,49,67,4.56
263,Matara,LK,2022-07-21 17:22:31,5.9485,80.5353,78.53,86,83,15.28
264,Port Hawkesbury,CA,2022-07-21 17:22:31,45.6169,-61.3485,85.89,48,0,4.61
265,Vila Franca Do Campo,PT,2022-07-21 17:22:32,37.7167,-25.4333,73.81,69,65,1.95
266,Kabalo,CD,2022-07-21 17:22:32,-6.05,26.9167,83.39,35,81,4.9
267,Onufriyivka,UA,2022-07-21 17:22:32,48.9072,33.4487,71.64,57,60,11.45
268,Victoria,HK,2022-07-21 17:19:07,22.2855,114.1577,86.38,75,0,3.0
269,Kalmunai,LK,2022-07-21 17:22:33,7.4167,81.8167,81.01,82,18,8.21
270,Bandarbeyla,SO,2022-07-21 17:22:33,9.4942,50.8122,76.23,80,98,31.72
271,Kutum,SD,2022-07-21 17:22:34,14.2,24.6667,72.45,69,92,17.0
272,Melfi,IT,2022-07-21 17:22:34,40.9965,15.6514,94.5,17,0,10.49
273,Eirunepe,BR,2022-07-21 17:19:11,-6.6603,-69.8736,92.97,36,72,1.5
274,Itarema,BR,2022-07-21 17:22:35,-2.9248,-39.9167,87.33,55,74,14.94
275,Ramhormoz,IR,2022-07-21 17:23:35,31.28,49.6035,102.94,27,0,10.58
276,Nantucket,US,2022-07-21 17:23:36,41.2835,-70.0995,80.71,89,100,12.66
277,Berlevag,NO,2022-07-21 17:23:36,70.8578,29.0864,66.0,88,0,3.44
278,Suffolk,US,2022-07-21 17:22:08,40.8668,-72.7996,93.58,78,20,18.41
279,Comodoro Rivadavia,AR,2022-07-21 17:23:37,-45.8667,-67.5,44.46,39,75,21.85
280,Dom Pedrito,BR,2022-07-21 17:23:37,-30.9828,-54.6731,69.87,84,100,3.42
281,Akropong,GH,2022-07-21 17:23:38,5.9746,-0.0854,74.35,62,73,8.03
282,Jutai,BR,2022-07-21 17:23:38,-5.1833,-68.9,90.64,47,38,2.71
283,Eganville,CA,2022-07-21 17:23:39,45.5334,-77.0994,76.51,68,36,13.53
284,Izhma,RU,2022-07-21 17:23:39,65.0083,53.9113,67.35,53,96,5.3
285,Turayf,SA,2022-07-21 17:23:40,31.6725,38.6637,93.45,20,0,11.5
286,Ocean City,US,2022-07-21 17:22:45,39.2776,-74.5746,97.29,67,8,1.01
287,Gat,IL,2022-07-21 17:22:05,31.61,34.7642,82.81,100,2,9.37
288,Opuwo,NA,2022-07-21 17:23:40,-18.0607,13.84,68.43,21,0,7.7
289,Zaria,NG,2022-07-21 17:23:41,11.1113,7.7227,82.72,55,32,4.34
290,Qiryat Shemona,IL,2022-07-21 17:23:41,33.2073,35.5721,78.13,78,0,8.9
291,Ambilobe,MG,2022-07-21 17:23:42,-13.2,49.05,68.76,66,5,6.04
292,Nizhniy Odes,RU,2022-07-21 17:23:42,63.6445,54.856,66.45,53,100,5.91
293,Inirida,CO,2022-07-21 17:23:42,3.8653,-67.9239,82.08,82,30,1.63
294,Severodvinsk,RU,2022-07-21 17:23:43,64.5635,39.8302,66.31,77,4,8.77
295,Lodja,CD,2022-07-21 17:23:43,-3.4833,23.4333,80.91,40,91,0.18
296,Mogadishu,SO,2022-07-21 17:23:44,2.0371,45.3438,76.3,85,52,18.88
297,Chivay,PE,2022-07-21 17:23:44,-15.6383,-71.6011,58.87,18,39,4.9
298,Kaabong,UG,2022-07-21 17:23:45,3.4836,34.1492,68.72,61,90,5.91
299,Palasa,IN,2022-07-21 17:23:45,18.7667,84.4167,82.99,81,100,5.12
300,Rio Gallegos,AR,2022-07-21 17:18:59,-51.6226,-69.2181,35.65,69,0,31.07
301,Boden,SE,2022-07-21 17:23:46,65.8252,21.6886,64.4,75,100,1.07
302,Lugazi,UG,2022-07-21 17:23:46,0.3772,32.9197,65.3,76,30,3.09
303,Oksfjord,NO,2022-07-21 17:23:47,70.2396,22.3479,61.0,99,100,8.7
304,The Valley,AI,2022-07-21 17:23:47,18.217,-63.0578,87.66,70,20,19.57
305,Saint-Joseph,RE,2022-07-21 17:19:24,-21.3667,55.6167,66.58,73,45,14.97
306,Porto Velho,BR,2022-07-21 17:23:48,-8.7619,-63.9039,93.25,31,20,4.61
307,Geraldton,AU,2022-07-21 17:23:48,-28.7667,114.6,61.63,62,54,11.65
308,Oytal,KZ,2022-07-21 17:23:49,42.9057,73.2697,81.7,17,0,4.47
309,Agucadoura,PT,2022-07-21 17:23:49,41.4318,-8.7804,86.31,75,25,5.53
310,Tarko-Sale,RU,2022-07-21 17:23:50,64.9225,77.785,47.68,83,92,9.95
311,Talara,PE,2022-07-21 17:23:50,-4.5772,-81.2719,70.56,68,0,20.71
312,Marsa Matruh,EG,2022-07-21 17:23:51,31.3525,27.2453,79.0,69,0,11.5
313,Gondar,ET,2022-07-21 17:23:51,12.6,37.4667,57.9,95,100,6.73
314,Urcos,PE,2022-07-21 17:23:52,-13.6861,-71.6228,67.89,22,21,5.88
315,Aguimes,ES,2022-07-21 17:23:52,27.9054,-15.4461,78.85,60,20,33.38
316,Sabha,LY,2022-07-21 17:23:53,27.0377,14.4283,94.01,13,0,11.86
317,Zolotukhino,RU,2022-07-21 17:24:53,52.0842,36.3772,62.67,92,56,7.72
318,Kinkala,CG,2022-07-21 17:24:54,-4.3614,14.7644,83.1,44,73,4.83
319,Albany,US,2022-07-21 17:20:43,42.6001,-73.9662,93.43,56,23,3.0
320,Dankov,RU,2022-07-21 17:24:54,53.2515,39.1555,57.25,95,100,13.42
321,Baffa,PK,2022-07-21 17:24:55,34.4378,73.2194,75.43,93,100,3.22
322,Kuznechikha,RU,2022-07-21 17:24:55,57.2161,42.3348,60.8,86,40,4.47
323,Urumqi,CN,2022-07-21 17:24:56,43.801,87.6005,76.15,25,0,6.71
324,Najran,SA,2022-07-21 17:24:56,17.4924,44.1277,93.85,26,77,10.87
325,Ponta Delgada,PT,2022-07-21 17:24:56,37.7333,-25.6667,74.12,73,75,6.91
326,Malakal,SS,2022-07-21 17:24:57,9.5334,31.6605,72.68,86,100,1.68
327,Havre-Saint-Pierre,CA,2022-07-21 17:24:57,50.2334,-63.5986,73.76,49,40,10.36
328,Dudinka,RU,2022-07-21 17:24:58,69.4058,86.1778,52.63,86,29,1.88
329,Barcelos,PT,2022-07-21 17:24:59,41.5388,-8.6151,85.91,51,6,5.91
330,Mercedes,AR,2022-07-21 17:24:32,-34.6515,-59.4307,68.04,35,100,8.3
331,Quatre Cocos,MU,2022-07-21 17:24:59,-20.2078,57.7625,69.91,72,70,19.84
332,Punta Ocote,HN,2022-07-21 17:25:00,15.2,-87.2833,80.4,65,40,4.61
333,Novoagansk,RU,2022-07-21 17:25:00,61.9449,76.6625,58.1,61,89,9.75
334,Olafsvik,IS,2022-07-21 17:25:00,64.8945,-23.7142,52.47,77,84,2.39
335,Mwaya,TZ,2022-07-21 17:25:01,-9.55,33.95,70.59,71,10,0.81
336,Novovasylivka,UA,2022-07-21 17:25:01,46.8315,35.7536,74.89,40,76,10.11
337,Bretten,DE,2022-07-21 17:25:02,49.0392,8.7028,84.22,43,43,3.42
338,Akdepe,TM,2022-07-21 17:25:02,42.0551,59.3788,95.09,20,0,18.72
339,Nicoya,CR,2022-07-21 17:25:03,10.1483,-85.452,82.13,74,100,2.93
340,Takoradi,GH,2022-07-21 17:25:03,4.8845,-1.7554,77.38,66,21,11.97
341,Puerto Colombia,CO,2022-07-21 17:25:04,10.9878,-74.9547,86.09,72,100,5.82
342,Sinyavskoye,RU,2022-07-21 17:25:04,47.277,39.2789,79.75,44,30,15.05
343,Balykshi,KZ,2022-07-21 17:25:04,47.0667,51.8667,78.8,61,40,4.47
344,Hobyo,SO,2022-07-21 17:25:05,5.3505,48.5268,76.41,81,81,26.62
345,Richards Bay,ZA,2022-07-21 17:25:05,-28.783,32.0377,65.75,88,10,5.79
346,Saint Anthony,US,2022-07-21 17:25:06,45.0205,-93.218,84.11,40,0,20.71
347,Belmonte,BR,2022-07-21 17:25:07,-15.8631,-38.8828,76.33,72,19,9.98
348,Rumonge,BI,2022-07-21 17:25:07,-3.9736,29.4386,73.78,59,8,3.65
349,Iranshahr,IR,2022-07-21 17:25:07,27.2025,60.6848,100.74,39,0,6.91
350,Rio Grande,BR,2022-07-21 17:25:08,-32.035,-52.0986,69.91,93,100,4.27
351,Vallenar,CL,2022-07-21 17:25:08,-28.5708,-70.7581,62.56,67,25,2.91
352,Eyl,SO,2022-07-21 17:25:09,7.9803,49.8164,77.72,75,93,23.82
353,Koygorodok,RU,2022-07-21 17:25:09,60.445,50.9968,64.17,76,81,4.38
354,Carnarvon,AU,2022-07-21 17:23:20,-24.8667,113.6333,65.59,68,68,16.73
355,Sao Borja,BR,2022-07-21 17:25:10,-28.6606,-56.0044,80.94,69,99,8.08
356,Prikubanskiy,RU,2022-07-21 17:25:10,45.0015,41.1795,68.65,63,7,7.76
357,Bisira,PA,2022-07-21 17:25:11,8.5196,-81.7115,68.41,78,89,3.2
358,Hauterive,FR,2022-07-21 17:25:11,46.0901,3.4459,84.96,28,0,5.03
359,Carutapera,BR,2022-07-21 17:25:12,-1.195,-46.02,88.48,52,40,6.58
360,Saint-Augustin,CA,2022-07-21 17:25:12,51.226,-58.6502,76.93,40,45,11.3
361,Quelimane,MZ,2022-07-21 17:25:12,-17.8786,36.8883,73.35,88,20,8.05
362,Kipushi,CD,2022-07-21 17:26:13,-11.7667,27.2333,67.93,45,96,4.43
363,Atuntaqui,EC,2022-07-21 17:26:14,0.3333,-78.2167,63.73,63,96,6.31
364,Mao,ES,2022-07-21 17:26:14,39.8885,4.2658,86.56,54,0,6.91
365,Foz,ES,2022-07-21 17:26:15,43.5692,-7.2544,67.73,92,99,7.45
366,Kleinblittersdorf,DE,2022-07-21 17:26:15,49.1578,7.0373,82.78,46,0,11.5
367,Kjollefjord,NO,2022-07-21 17:26:15,70.9457,27.3465,60.62,88,75,0.0
368,Anloga,GH,2022-07-21 17:26:16,5.7947,0.8973,76.6,75,63,16.2
369,Bara,NG,2022-07-21 17:26:16,10.3744,10.7288,83.84,65,56,1.45
370,Alexander City,US,2022-07-21 17:26:17,32.944,-85.9539,91.18,74,40,12.66
371,Bayir,TR,2022-07-21 17:26:17,37.2687,28.2167,90.12,15,0,10.13
372,Maceio,BR,2022-07-21 17:24:07,-9.6658,-35.7353,83.64,65,75,14.97
373,Revda,RU,2022-07-21 17:26:18,56.801,59.9303,54.61,91,93,3.22
374,Prainha,BR,2022-07-21 17:26:18,-1.8,-53.48,87.75,54,66,5.77
375,Harper,LR,2022-07-21 17:26:19,4.375,-7.7169,77.5,66,66,8.68
376,Tarma,PE,2022-07-21 17:26:20,-11.4197,-75.6908,63.68,30,3,9.57
377,Estelle,US,2022-07-21 17:26:20,29.8458,-90.1067,96.01,64,75,11.5
378,Tobol,KZ,2022-07-21 17:26:20,52.6844,62.5794,63.5,60,28,7.29
379,Grenaa,DK,2022-07-21 17:26:21,56.4158,10.8783,77.22,83,99,7.07
380,Touros,BR,2022-07-21 17:25:35,-5.1989,-35.4608,81.99,64,83,13.89
381,Florida,US,2022-07-21 17:26:22,28.7505,-82.5001,93.9,64,75,4.61
382,Djambala,CG,2022-07-21 17:26:22,-2.5447,14.7533,81.95,42,72,1.88
383,Vagur,FO,2022-07-21 17:26:23,61.4732,-6.8119,50.2,82,7,5.66
384,Formosa,AR,2022-07-21 17:26:23,-26.1775,-58.1781,84.18,58,0,11.5
385,Kirkenes,NO,2022-07-21 17:26:23,69.7271,30.0458,72.55,60,75,3.44
386,French Harbor,HN,2022-07-21 17:26:24,16.35,-86.4333,87.08,80,20,12.66
387,San Carlos De Bariloche,AR,2022-07-21 17:24:51,-41.1456,-71.3082,37.24,80,75,27.63
388,Fez,MA,2022-07-21 17:26:25,34.0372,-4.9998,98.85,15,40,16.11
389,Jacareacanga,BR,2022-07-21 17:26:25,-6.2222,-57.7528,99.1,26,27,2.8
390,Richmond,US,2022-07-21 17:22:17,37.5538,-77.4603,95.25,56,75,11.5
391,Panaba,MX,2022-07-21 17:26:26,21.2833,-88.2667,95.85,37,13,7.56
392,Pavlovsk,RU,2022-07-21 17:26:27,50.4578,40.1081,61.57,76,82,8.34
393,Margate,GB,2022-07-21 17:26:27,51.3813,1.3862,68.11,75,57,3.0
394,Blagoyevo,RU,2022-07-21 17:26:28,63.3667,47.9167,72.37,49,88,6.44
395,Nassau,US,2022-07-21 17:26:28,40.7507,-73.5829,94.98,64,0,16.11
396,Tullow,IE,2022-07-21 17:26:28,52.8003,-6.7369,64.22,58,97,1.19
397,Gamba,GA,2022-07-21 17:26:29,-2.65,10.0,73.36,81,25,9.08
398,Great Yarmouth,GB,2022-07-21 17:26:29,52.6083,1.7305,68.45,71,48,13.27
399,Ugoofaaru,MV,2022-07-21 17:26:30,5.6667,73.0,81.79,78,100,18.1
400,Bondo,CD,2022-07-21 17:26:30,3.8146,23.6866,70.48,98,100,2.39
401,Kidal,ML,2022-07-21 17:26:30,18.4411,1.4078,100.17,21,35,6.24
402,Bonavista,CA,2022-07-21 17:26:31,48.6499,-53.1147,61.61,81,99,11.59
403,Esik,KZ,2022-07-21 17:26:31,43.3552,77.4525,71.02,31,0,7.92
404,Alappuzha,IN,2022-07-21 17:23:43,9.49,76.3264,80.01,87,37,9.84
405,Road Town,VG,2022-07-21 17:21:42,18.4167,-64.6167,80.69,94,40,13.8
406,Sambava,MG,2022-07-21 17:26:33,-14.2667,50.1667,69.17,85,97,12.77
407,Beyneu,KZ,2022-07-21 17:26:34,45.3167,55.2,94.3,20,94,21.77
408,Calvinia,ZA,2022-07-21 17:26:34,-31.4707,19.776,52.66,30,0,4.03
409,Sari,IR,2022-07-21 17:26:35,36.5633,53.0601,81.9,83,40,2.3
410,Tiznit,MA,2022-07-21 17:27:35,29.5833,-9.5,98.11,14,60,8.84
411,Bergen,NO,2022-07-21 17:27:36,60.392,5.328,64.08,75,40,14.97
412,Kipini,KE,2022-07-21 17:27:36,-2.5257,40.5262,73.69,80,4,21.16
413,Loandjili,CG,2022-07-21 17:27:36,-4.7561,11.8578,72.21,85,18,10.71
414,Grand Gaube,MU,2022-07-21 17:27:37,-20.0064,57.6608,70.2,72,65,7.0
415,San Matias,BO,2022-07-21 17:27:37,-16.3667,-58.4,96.94,18,30,9.44
416,San Juan,AR,2022-07-21 17:27:38,-31.5375,-68.5364,62.98,19,29,15.95
417,Marfino,RU,2022-07-21 17:27:38,55.7028,37.3822,66.15,72,20,8.95
418,Shakhta,RU,2022-07-21 17:27:38,59.0927,57.653,54.82,97,48,0.98
419,Port-Cartier,CA,2022-07-21 17:27:39,50.0334,-66.8654,73.62,62,98,10.22
420,Zatoka,UA,2022-07-21 17:27:39,46.0725,30.4654,75.33,55,0,12.39
421,Camapua,BR,2022-07-21 17:27:40,-19.5314,-54.0439,91.76,18,67,8.99
422,Chulym,RU,2022-07-21 17:27:40,55.0997,80.9572,62.01,94,52,8.79
423,Itaituba,BR,2022-07-21 17:23:41,-4.2761,-55.9836,93.36,55,40,0.0
424,Camana,PE,2022-07-21 17:27:41,-16.6228,-72.7111,62.58,78,96,7.76
425,Chalus,IR,2022-07-21 17:27:41,36.655,51.4204,80.06,78,75,2.3
426,Karlskoga,SE,2022-07-21 17:27:42,59.3267,14.5239,94.32,46,93,4.52
427,Tombouctou,ML,2022-07-21 17:27:42,20.0,-3.0,98.58,28,42,5.68
428,Muzhi,RU,2022-07-21 17:27:42,65.3667,64.6667,54.91,50,36,10.13
429,Surskoye,RU,2022-07-21 17:27:43,54.4821,46.7214,61.48,87,100,14.79
430,Fort Wellington,GY,2022-07-21 17:27:43,6.4,-57.6,84.78,64,26,6.87
431,Correntina,BR,2022-07-21 17:27:44,-13.3433,-44.6367,85.24,27,11,8.66
432,Conceicao Do Araguaia,BR,2022-07-21 17:27:44,-8.2578,-49.2647,96.06,20,4,5.7
433,Luanda,AO,2022-07-21 17:27:45,-8.8368,13.2343,68.97,81,71,15.77
434,Leek,NL,2022-07-21 17:27:45,53.1625,6.3764,68.16,65,75,11.5
435,Venado Tuerto,AR,2022-07-21 17:27:45,-33.7456,-61.9688,66.36,33,100,12.57
436,Mumford,GH,2022-07-21 17:27:46,5.2618,-0.759,75.74,73,20,13.98
437,Shalya,RU,2022-07-21 17:27:46,57.2471,58.7298,54.32,91,89,3.4
438,Lively,CA,2022-07-21 17:27:47,46.4334,-81.1498,71.02,71,100,12.68
439,San Pedro,PH,2022-07-21 17:27:47,14.35,121.0167,80.26,85,20,4.61
440,Waddan,LY,2022-07-21 17:27:48,29.1614,16.139,91.04,23,0,13.53
441,Borovichi,RU,2022-07-21 17:27:48,58.3878,33.9155,64.65,75,8,4.12
442,Raudeberg,NO,2022-07-21 17:27:48,61.9875,5.1352,54.95,82,69,5.01
443,Jaru,BR,2022-07-21 17:27:16,-10.4389,-62.4664,95.22,24,0,4.21
444,Yashkino,RU,2022-07-21 17:27:49,55.8736,85.4265,56.98,93,65,11.01
445,Sawakin,SD,2022-07-21 17:27:50,19.1059,37.3321,95.47,46,86,7.7
446,Sfantu Gheorghe,RO,2022-07-21 17:27:50,45.8667,25.7833,84.85,33,2,7.2
447,Termiz,UZ,2022-07-21 17:27:51,37.2242,67.2783,95.09,14,0,4.61
448,Moba,CN,2022-07-21 17:27:51,33.2288,105.0179,53.56,97,100,7.05
449,Maun,BW,2022-07-21 17:27:51,-19.9833,23.4167,71.56,43,0,3.44
450,Tangwani,PK,2022-07-21 17:27:52,28.2787,68.9972,89.64,57,85,23.31
451,Yarkovo,RU,2022-07-21 17:27:52,57.4028,67.0786,57.94,96,100,4.92
452,Baracoa,CU,2022-07-21 17:27:53,20.3467,-74.4958,87.55,64,70,10.67
453,Hofn,IS,2022-07-21 17:27:53,64.2539,-15.2082,55.42,76,75,5.75
454,Marstal,DK,2022-07-21 17:27:53,54.8562,10.5173,67.91,84,17,12.3
455,Clonakilty,IE,2022-07-21 17:22:57,51.6231,-8.8706,63.61,81,100,10.18
456,Washington,US,2022-07-21 17:25:17,47.5001,-120.5015,79.57,35,97,3.44
457,Sakti,IN,2022-07-21 17:28:54,22.0333,82.9667,83.05,75,100,5.01
458,Tambura,SS,2022-07-21 17:28:55,5.6,27.4667,71.19,89,100,2.26
459,Tamandare,BR,2022-07-21 17:28:55,-8.7597,-35.1047,78.3,76,89,11.88
460,Kuytun,RU,2022-07-21 17:28:56,54.3419,101.5036,55.83,81,95,6.02
461,Zlobin,HR,2022-07-21 17:28:56,45.2924,14.6541,81.79,42,0,5.75
462,Roald,NO,2022-07-21 17:28:57,62.5833,6.1333,59.16,82,40,13.8
463,Nizwa,OM,2022-07-21 17:28:57,22.9333,57.5333,89.98,61,100,2.46
464,Sao Miguel Do Araguaia,BR,2022-07-21 17:28:57,-13.275,-50.1628,92.88,20,16,7.38
465,Pavilosta,LV,2022-07-21 17:28:58,56.8879,21.1859,76.91,69,42,6.62
466,Xuddur,SO,2022-07-21 17:28:58,4.1213,43.8894,78.55,50,48,17.65
467,Iskele,TR,2022-07-21 17:28:59,39.484,26.9278,87.89,27,0,18.41
468,Sisimiut,GL,2022-07-21 17:26:17,66.9395,-53.6735,48.22,90,100,15.84
469,Praia Da Vitoria,PT,2022-07-21 17:28:59,38.7333,-27.0667,80.85,61,20,1.43
470,Cobija,BO,2022-07-21 17:29:00,-11.0267,-68.7692,91.58,49,20,2.3
471,Lima,PE,2022-07-21 17:25:01,-12.0432,-77.0282,66.9,73,100,6.91
472,Sembabule,UG,2022-07-21 17:29:00,-0.0772,31.4567,67.37,62,31,6.89
473,Talcahuano,CL,2022-07-21 17:29:01,-36.7167,-73.1167,53.28,94,75,5.75
474,Ouadda,CF,2022-07-21 17:29:01,8.0777,22.4007,71.17,91,98,0.54
475,Ginir,ET,2022-07-21 17:29:02,7.1333,40.7,59.29,75,65,6.17
476,Kalabo,ZM,2022-07-21 17:29:02,-14.97,22.6814,69.66,35,37,8.05
477,Rawson,AR,2022-07-21 17:29:02,-43.3002,-65.1023,48.74,40,60,25.23
478,Starotitarovskaya,RU,2022-07-21 17:29:03,45.2136,37.1439,71.49,47,0,6.49
479,Waw,SS,2022-07-21 17:29:03,7.7029,27.9953,72.07,90,98,3.85
480,Cascais,PT,2022-07-21 17:29:04,38.6979,-9.4215,87.26,65,20,17.27
481,Bereda,ES,2022-07-21 17:29:04,43.2686,-7.5406,71.42,90,12,7.0
482,Mora,CM,2022-07-21 17:29:05,11.0461,14.1401,85.98,55,83,3.31
483,Bela Cruz,BR,2022-07-21 17:29:05,-3.0506,-40.1678,95.07,33,79,5.84
484,Deer Lake,CA,2022-07-21 17:29:06,49.1667,-57.4316,71.46,64,75,14.97
485,Ariquemes,BR,2022-07-21 17:29:06,-9.9133,-63.0408,95.58,25,2,3.29
486,Puerto Baquerizo Moreno,EC,2022-07-21 17:29:06,-0.9,-89.6,74.39,69,40,11.5
487,La Romana,DO,2022-07-21 17:29:07,18.4273,-68.9728,80.96,89,40,11.5
488,Curitibanos,BR,2022-07-21 17:29:07,-27.2828,-50.5844,72.14,54,15,5.3
489,Asfi,MA,2022-07-21 17:29:08,32.2994,-9.2372,79.32,62,5,23.04
490,Labytnangi,RU,2022-07-21 17:29:08,66.6572,66.4183,52.72,55,80,9.15
491,Cabedelo,BR,2022-07-21 17:24:16,-6.9811,-34.8339,79.47,80,100,13.47
492,Betanzos,ES,2022-07-21 17:29:09,43.2804,-8.2147,77.65,77,40,10.36
493,Coquimbo,CL,2022-07-21 17:29:09,-29.9533,-71.3436,56.93,76,75,2.3
494,Santa Maria,BR,2022-07-21 17:29:10,-29.6842,-53.8069,83.5,51,0,3.44
495,General Artigas,PY,2022-07-21 17:29:10,-26.9333,-56.2167,81.23,52,81,8.88
496,Atyrau,KZ,2022-07-21 17:29:11,47.1167,51.8833,78.82,61,40,4.47
497,Nsanje,MW,2022-07-21 17:29:12,-16.92,35.262,71.47,52,3,5.26
498,Nagothana,IN,2022-07-21 17:29:12,18.5333,73.1333,78.04,90,100,1.9
499,Trairi,BR,2022-07-21 17:28:24,-3.2778,-39.2689,82.98,65,98,11.48
500,Nouadhibou,MR,2022-07-21 17:29:13,20.931,-17.0347,76.98,78,10,14.97
501,Horadiz,AZ,2022-07-21 17:30:14,39.4488,47.3353,79.57,51,0,6.11
502,Jalu,LY,2022-07-21 17:30:14,29.0331,21.5482,87.78,21,0,9.1
503,Skibbereen,IE,2022-07-21 17:30:15,51.55,-9.2667,58.1,91,100,5.5
504,Conde,BR,2022-07-21 17:27:19,-7.2597,-34.9075,78.26,89,75,9.22
505,Guarapari,BR,2022-07-21 17:30:16,-20.6667,-40.4975,74.89,70,23,7.05
506,Barranca,PE,2022-07-21 17:30:16,-10.75,-77.7667,65.41,71,68,9.84
507,Brcko,BA,2022-07-21 17:30:16,44.8728,18.8083,93.02,21,10,1.59
508,Beloha,MG,2022-07-21 17:30:17,-25.1667,45.05,65.05,84,17,5.14
509,Jaca,ES,2022-07-21 17:30:18,42.569,-0.5499,95.02,40,1,3.02
510,Urucara,BR,2022-07-21 17:30:19,-2.5364,-57.76,82.45,84,52,1.21
511,Togur,RU,2022-07-21 17:30:19,58.3631,82.8265,56.73,98,87,6.89
512,Urubicha,BO,2022-07-21 17:30:19,-15.3833,-62.95,91.72,22,14,7.0
513,Stokmarknes,NO,2022-07-21 17:30:20,68.5646,14.9108,55.38,76,75,5.75
514,Buchanan,LR,2022-07-21 17:30:21,5.8808,-10.0467,77.31,72,96,10.18
515,Sakakah,SA,2022-07-21 17:30:21,29.9697,40.2064,105.37,12,1,16.96
516,Dinkelsbuhl,DE,2022-07-21 17:30:22,49.0694,10.3199,79.95,47,4,7.61
517,Tarboro,US,2022-07-21 17:30:22,35.8968,-77.5358,90.09,70,75,12.66
518,Butterworth,MY,2022-07-21 17:30:23,5.3991,100.3638,84.0,91,20,2.3
519,Vladimirskaya,RU,2022-07-21 17:30:23,44.5455,40.7933,63.52,79,42,5.86
520,San Borja,BO,2022-07-21 17:30:24,-14.8167,-66.85,89.64,33,6,6.26
521,Aktau,KZ,2022-07-21 17:30:24,43.65,51.2,82.98,46,71,22.28
522,Asilah,MA,2022-07-21 17:30:24,35.465,-6.0348,84.16,43,93,10.92
523,Gari,RU,2022-07-21 17:30:25,59.4307,62.3497,58.26,79,56,7.0
524,Condado,CU,2022-07-21 17:30:26,21.8767,-79.8403,89.85,54,5,6.13
525,Sao Sebastiao,BR,2022-07-21 17:30:26,-23.76,-45.4097,74.75,71,3,3.8
526,Dzaoudzi,YT,2022-07-21 17:30:26,-12.7887,45.2699,73.29,78,100,6.91
527,Inhambane,MZ,2022-07-21 17:30:27,-23.865,35.3833,68.31,82,3,6.82
528,Antoniny,UA,2022-07-21 17:30:27,49.8097,26.8771,64.78,61,8,8.08
529,Kyshtovka,RU,2022-07-21 17:30:28,56.555,76.6271,56.97,97,97,5.03
530,Harlingen,US,2022-07-21 17:29:34,26.1906,-97.6961,95.09,77,0,18.9
531,Mabaruma,GY,2022-07-21 17:30:29,8.2,-59.7833,83.41,79,22,5.59
532,Mchinji,MW,2022-07-21 17:30:29,-13.7984,32.8802,63.41,55,86,5.53
533,Phalaborwa,ZA,2022-07-21 17:30:29,-23.943,31.1411,67.28,58,29,4.7
534,Ouango,CF,2022-07-21 17:30:30,4.3133,22.5552,71.47,98,98,0.34
535,Kirkwall,GB,2022-07-21 17:30:30,58.9848,-2.9587,57.25,77,75,12.66
