City_ID,City,Country,Date,Lat,Lng,Max Temp,Humidity,Cloudiness,Wind Speed,Current Description
0,Qaanaaq,GL,2022-09-24 03:45:56,77.484,-69.3632,10.81,79,59,6.89,broken clouds
1,Ahuimanu,US,2022-09-24 03:45:57,21.4447,-157.8378,82.11,73,40,6.91,scattered clouds
2,Charters Towers,AU,2022-09-24 03:45:57,-20.1,146.2667,87.66,27,0,2.04,clear sky
3,Lompoc,US,2022-09-24 03:45:58,34.6391,-120.4579,70.02,95,0,0.0,mist
4,Umba,RU,2022-09-24 03:45:58,66.6871,34.3429,45.79,89,100,6.93,overcast clouds
5,Tuktoyaktuk,CA,2022-09-24 03:45:59,69.4541,-133.0374,33.8,86,100,10.36,overcast clouds
6,Batticaloa,LK,2022-09-24 03:45:59,7.7102,81.6924,85.1,56,100,1.79,overcast clouds
7,Krasnyy Chikoy,RU,2022-09-24 03:45:59,50.3643,108.7512,47.68,76,100,2.19,overcast clouds
8,Punta Arenas,CL,2022-09-24 03:43:24,-53.15,-70.9167,39.31,75,0,10.36,clear sky
9,Mataura,NZ,2022-09-24 03:46:00,-46.1927,168.8643,59.54,55,85,5.03,overcast clouds
10,Talnakh,RU,2022-09-24 03:44:20,69.4865,88.3972,27.21,73,76,4.38,broken clouds
11,Nikolskoye,RU,2022-09-24 03:46:01,59.7035,30.7861,45.79,98,93,4.65,overcast clouds
12,Isangel,VU,2022-09-24 03:46:01,-19.55,169.2667,78.91,94,75,4.61,broken clouds
13,Klaksvik,FO,2022-09-24 03:46:02,62.2266,-6.589,43.72,77,35,10.98,scattered clouds
14,Saint George,US,2022-09-24 03:44:41,37.1041,-113.5841,80.8,22,0,6.91,clear sky
15,Butaritari,KI,2022-09-24 03:46:03,3.0707,172.7902,81.5,72,60,8.43,broken clouds
16,Hermanus,ZA,2022-09-24 03:46:03,-34.4187,19.2345,49.8,76,18,7.83,few clouds
17,Albany,US,2022-09-24 03:42:09,42.6001,-73.9662,47.41,70,0,1.99,clear sky
18,Busselton,AU,2022-09-24 03:46:04,-33.65,115.3333,60.01,46,26,12.66,scattered clouds
19,San Vicente,AR,2022-09-24 03:46:04,-26.6167,-54.1333,41.54,90,0,2.82,clear sky
20,Nabire,ID,2022-09-24 03:46:05,-3.3667,135.4833,86.65,64,82,5.93,broken clouds
21,Luganville,VU,2022-09-24 03:46:05,-15.5333,167.1667,83.01,72,52,7.2,broken clouds
22,Padang,ID,2022-09-24 03:42:57,-0.9492,100.3543,80.65,70,95,1.83,overcast clouds
23,Atuona,PF,2022-09-24 03:46:06,-9.8,-139.0333,76.59,80,23,13.38,few clouds
24,Jamestown,US,2022-09-24 03:45:28,42.097,-79.2353,47.79,73,0,4.61,clear sky
25,Bambous Virieux,MU,2022-09-24 03:46:07,-20.3428,57.7575,73.22,68,40,11.5,scattered clouds
26,Cabo San Lucas,MX,2022-09-24 03:46:07,22.8909,-109.9124,83.5,86,18,4.0,few clouds
27,Chippewa Falls,US,2022-09-24 03:44:06,44.9369,-91.3929,53.78,86,100,11.5,overcast clouds
28,Castro,BR,2022-09-24 03:43:34,-24.7911,-50.0119,43.05,83,0,3.36,clear sky
29,Yulara,AU,2022-09-24 03:46:08,-25.2406,130.9889,89.46,11,0,9.53,clear sky
30,Karratha,AU,2022-09-24 03:46:09,-20.7377,116.8463,90.59,28,1,16.22,clear sky
31,Rikitea,PF,2022-09-24 03:46:09,-23.1203,-134.9692,70.57,72,26,12.73,scattered clouds
32,Cape Town,ZA,2022-09-24 03:46:10,-33.9258,18.4232,55.38,72,0,5.75,clear sky
33,Camacupa,AO,2022-09-24 03:46:10,-12.0167,17.4833,65.89,59,64,2.8,broken clouds
34,Taltal,CL,2022-09-24 03:46:11,-25.4,-70.4833,56.3,75,4,0.83,clear sky
35,Talaya,RU,2022-09-24 03:46:11,61.3833,152.75,33.22,74,11,3.36,few clouds
36,Ushuaia,AR,2022-09-24 03:43:33,-54.8,-68.3,35.62,94,65,4.97,broken clouds
37,Sandane,NO,2022-09-24 03:46:12,61.7728,6.215,46.44,100,100,0.0,overcast clouds
38,Bathsheba,BB,2022-09-24 03:46:12,13.2167,-59.5167,83.01,74,40,12.66,scattered clouds
39,Aksarka,RU,2022-09-24 03:46:13,66.5606,67.7975,35.24,75,92,14.85,overcast clouds
40,Ulladulla,AU,2022-09-24 03:46:14,-35.35,150.4667,60.6,70,91,7.81,overcast clouds
41,Zhangye,CN,2022-09-24 03:46:14,38.9342,100.4517,69.1,19,47,3.58,scattered clouds
42,Westport,US,2022-09-24 03:42:38,41.1415,-73.3579,53.64,65,0,14.97,clear sky
43,Bluff,NZ,2022-09-24 03:46:15,-46.6,168.3333,54.23,81,86,7.52,overcast clouds
44,Puerto Ayora,EC,2022-09-24 03:46:15,-0.7393,-90.3518,67.55,91,91,1.99,overcast clouds
45,Laguna,US,2022-09-24 03:46:16,38.421,-121.4238,79.05,55,0,3.44,clear sky
46,Coahuayana,MX,2022-09-24 03:47:16,18.7333,-103.6833,76.66,92,77,2.48,broken clouds
47,Chuy,UY,2022-09-24 03:47:17,-33.6971,-53.4616,46.98,79,7,2.89,clear sky
48,Jalu,LY,2022-09-24 03:47:18,29.0331,21.5482,75.34,62,49,13.69,scattered clouds
49,Mpanda,TZ,2022-09-24 03:47:18,-6.3655,31.0409,66.94,51,93,2.64,overcast clouds
50,Jamui,IN,2022-09-24 03:47:19,24.9167,86.2167,86.67,68,99,4.16,overcast clouds
51,Kapaa,US,2022-09-24 03:47:19,22.0752,-159.319,82.72,74,0,8.05,clear sky
52,Carnarvon,AU,2022-09-24 03:47:20,-24.8667,113.6333,69.28,60,1,18.32,clear sky
53,Mar Del Plata,AR,2022-09-24 03:46:52,-38.0023,-57.5575,53.1,80,0,3.44,clear sky
54,Nuuk,GL,2022-09-24 03:47:21,64.1835,-51.7216,47.88,93,100,47.0,overcast clouds
55,Aranos,NA,2022-09-24 03:47:21,-24.1333,19.1167,56.91,12,0,4.41,clear sky
56,Ribeira Grande,PT,2022-09-24 03:47:21,38.5167,-28.7,73.09,93,100,35.99,heavy intensity rain
57,Ponta Do Sol,PT,2022-09-24 03:47:22,32.6667,-17.1,72.23,84,40,5.46,scattered clouds
58,Christchurch,NZ,2022-09-24 03:46:14,-43.5333,172.6333,57.9,79,75,16.11,broken clouds
59,Green River,US,2022-09-24 03:46:01,41.5286,-109.4662,57.6,30,0,3.0,clear sky
60,Fortuna,US,2022-09-24 03:47:23,40.5982,-124.1573,58.35,88,4,4.38,clear sky
61,Aklavik,CA,2022-09-24 03:47:24,68.2191,-135.0107,36.32,87,100,3.18,overcast clouds
62,Kruisfontein,ZA,2022-09-24 03:47:24,-34.0033,24.7314,55.89,84,100,4.81,overcast clouds
63,Palu,ID,2022-09-24 03:47:25,-0.8917,119.8707,85.23,78,66,2.44,broken clouds
64,Locri,IT,2022-09-24 03:47:25,38.2414,16.2623,60.89,44,0,5.99,clear sky
65,Geraldton,AU,2022-09-24 03:47:26,-28.7667,114.6,61.21,94,75,16.11,broken clouds
66,Avarua,CK,2022-09-24 03:47:26,-21.2078,-159.775,77.05,65,20,11.5,few clouds
67,Clyde River,CA,2022-09-24 03:47:26,70.4692,-68.5914,26.83,74,100,11.5,overcast clouds
68,Thompson,CA,2022-09-24 03:47:27,55.7435,-97.8558,57.36,67,40,10.36,scattered clouds
69,Meulaboh,ID,2022-09-24 03:47:27,4.1363,96.1285,83.7,65,94,4.63,overcast clouds
70,Airai,TL,2022-09-24 03:47:28,-8.9266,125.4092,80.13,35,57,3.78,broken clouds
71,Gornozavodsk,RU,2022-09-24 03:47:28,58.3758,58.3211,48.6,84,80,11.12,broken clouds
72,Jacareacanga,BR,2022-09-24 03:47:29,-6.2222,-57.7528,76.55,64,33,1.21,scattered clouds
73,Yellowknife,CA,2022-09-24 03:47:29,62.456,-114.3525,52.32,50,75,5.75,broken clouds
74,Sundargarh,IN,2022-09-24 03:47:30,22.1167,84.0333,82.29,75,41,4.88,scattered clouds
75,Acapulco,MX,2022-09-24 03:44:00,16.8634,-99.8901,78.85,85,73,3.18,broken clouds
76,Omis,HR,2022-09-24 03:47:31,43.4447,16.6886,55.33,63,44,4.88,scattered clouds
77,Mapiripan,CO,2022-09-24 03:47:31,2.8892,-72.1256,74.05,93,77,4.16,broken clouds
78,Victoria,HK,2022-09-24 03:43:41,22.2855,114.1577,88.03,60,58,8.99,broken clouds
79,Srednekolymsk,RU,2022-09-24 03:47:32,67.45,153.6833,37.98,68,98,1.57,overcast clouds
80,Tiksi,RU,2022-09-24 03:47:32,71.6872,128.8694,33.48,79,82,12.5,broken clouds
81,Lebu,CL,2022-09-24 03:45:53,-37.6167,-73.65,46.69,86,5,16.75,clear sky
82,Teguldet,RU,2022-09-24 03:47:33,57.3064,88.1667,43.66,59,68,7.25,broken clouds
83,Chipinge,ZW,2022-09-24 03:47:33,-20.1883,32.6236,58.66,79,5,4.85,clear sky
84,Mount Gambier,AU,2022-09-24 03:47:34,-37.8333,140.7667,55.71,44,6,7.96,clear sky
85,Baykit,RU,2022-09-24 03:47:34,61.67,96.37,37.85,80,92,8.08,overcast clouds
86,Bredasdorp,ZA,2022-09-24 03:47:34,-34.5322,20.0403,46.47,82,21,0.96,few clouds
87,Aswan,EG,2022-09-24 03:47:35,24.0934,32.907,79.9,24,0,3.44,clear sky
88,Omboue,GA,2022-09-24 03:47:35,-1.5746,9.2618,75.76,88,100,6.82,overcast clouds
89,San Jeronimo,PE,2022-09-24 03:48:36,-11.9472,-75.2829,52.79,74,93,2.24,overcast clouds
90,Warah,PK,2022-09-24 03:48:36,27.4481,67.7978,90.93,52,34,6.69,scattered clouds
91,Pevek,RU,2022-09-24 03:48:36,69.7008,170.3133,30.97,78,99,16.91,overcast clouds
92,Changji,CN,2022-09-24 03:48:37,44.0167,87.3167,79.59,15,0,2.24,clear sky
93,Barrow,US,2022-09-24 03:48:37,71.2906,-156.7887,33.82,80,100,13.8,light snow
94,Fort Nelson,CA,2022-09-24 03:45:16,58.8053,-122.7002,58.59,33,75,6.91,broken clouds
95,Arraial Do Cabo,BR,2022-09-24 03:48:38,-22.9661,-42.0278,67.96,64,75,13.8,broken clouds
96,Mayumba,GA,2022-09-24 03:48:39,-3.432,10.6554,74.84,88,100,4.85,light rain
97,Mountain Home,US,2022-09-24 03:48:39,43.133,-115.6912,63.88,29,0,8.05,clear sky
98,Mount Isa,AU,2022-09-24 03:48:39,-20.7333,139.5,85.77,15,1,8.05,clear sky
99,Odweyne,SO,2022-09-24 03:48:40,9.4092,45.064,73.89,56,97,10.92,overcast clouds
100,Muros,ES,2022-09-24 03:48:40,42.7762,-9.0603,62.1,82,13,12.91,few clouds
101,Chokurdakh,RU,2022-09-24 03:48:41,70.6333,147.9167,38.52,62,42,7.0,scattered clouds
102,Edremit,TR,2022-09-24 03:48:41,39.5961,27.0244,49.75,81,0,8.05,clear sky
103,Vaini,TO,2022-09-24 03:48:22,-21.2,-175.2,78.96,83,75,8.05,broken clouds
104,Mecca,SA,2022-09-24 03:48:42,21.4267,39.8261,85.89,30,6,1.32,clear sky
105,Shrewsbury,GB,2022-09-24 03:48:42,52.7101,-2.7521,48.51,97,100,4.61,overcast clouds
106,Shimoda,JP,2022-09-24 03:48:43,34.6667,138.95,77.36,92,90,1.81,overcast clouds
107,Ambon,ID,2022-09-24 03:48:43,-3.6954,128.1814,89.74,62,20,5.75,few clouds
108,Port Alfred,ZA,2022-09-24 03:48:44,-33.5906,26.891,60.19,95,100,3.0,overcast clouds
109,Puerto Leguizamo,CO,2022-09-24 03:48:44,-0.1934,-74.7819,71.42,98,98,5.48,overcast clouds
110,Callaguip,PH,2022-09-24 03:48:44,18.0714,120.4867,87.82,74,75,12.66,broken clouds
111,Hobart,AU,2022-09-24 03:44:00,-42.8794,147.3294,51.66,66,75,14.97,broken clouds
112,Tezu,IN,2022-09-24 03:44:24,27.9167,96.1667,73.89,98,100,1.66,overcast clouds
113,Coihueco,CL,2022-09-24 03:48:45,-36.6167,-71.8333,50.74,93,0,4.61,clear sky
114,Caraquet,CA,2022-09-24 03:48:46,47.7941,-64.9386,50.54,89,100,27.16,moderate rain
115,Sitka,US,2022-09-24 03:48:46,57.0531,-135.33,55.29,76,75,10.36,broken clouds
116,Norman Wells,CA,2022-09-24 03:48:46,65.282,-126.8329,37.44,75,100,9.22,overcast clouds
117,Cidreira,BR,2022-09-24 03:48:47,-30.1811,-50.2056,51.62,81,1,9.15,clear sky
118,Longyearbyen,SJ,2022-09-24 03:48:47,78.2186,15.6401,42.64,81,75,12.66,broken clouds
119,Oistins,BB,2022-09-24 03:48:48,13.0667,-59.5333,82.49,74,40,12.66,scattered clouds
120,Richards Bay,ZA,2022-09-24 03:48:48,-28.783,32.0377,64.08,86,12,3.18,few clouds
121,Saint-Philippe,RE,2022-09-24 03:48:49,-21.3585,55.7679,71.19,79,44,13.73,scattered clouds
122,Mahebourg,MU,2022-09-24 03:48:49,-20.4081,57.7,73.26,68,40,11.5,scattered clouds
123,Nouakchott,MR,2022-09-24 03:48:49,18.0858,-15.9785,82.33,80,88,13.33,light rain
124,Bengkulu,ID,2022-09-24 03:48:50,-3.8004,102.2655,82.0,70,58,5.06,broken clouds
125,Lata,PT,2022-09-24 03:44:14,40.1629,-8.3327,60.08,97,100,2.64,overcast clouds
126,Vieques,PR,2022-09-24 03:48:50,18.425,-65.8329,83.1,78,0,0.0,clear sky
127,Luderitz,NA,2022-09-24 03:48:51,-26.6481,15.1594,53.24,81,28,11.01,scattered clouds
128,Okhotsk,RU,2022-09-24 03:48:52,59.3833,143.3,46.27,43,3,5.01,clear sky
129,San Cristobal,VE,2022-09-24 03:48:52,7.7669,-72.225,68.18,98,99,1.57,overcast clouds
130,Kavaratti,IN,2022-09-24 03:48:52,10.5669,72.642,81.84,73,16,10.58,few clouds
131,Natitingou,BJ,2022-09-24 03:48:53,10.3042,1.3796,69.94,96,100,2.68,light rain
132,Khandyga,RU,2022-09-24 03:48:53,62.6667,135.6,37.58,75,100,8.08,light rain
133,Paamiut,GL,2022-09-24 03:48:54,61.994,-49.6678,47.14,94,100,41.16,moderate rain
134,Olafsvik,IS,2022-09-24 03:48:54,64.8945,-23.7142,50.41,94,100,18.52,overcast clouds
135,Champerico,GT,2022-09-24 03:49:54,14.3,-91.9167,78.55,88,99,9.26,overcast clouds
136,Lavrentiya,RU,2022-09-24 03:49:39,65.5833,-171.0,39.69,75,100,21.34,overcast clouds
137,Meadow Lake,US,2022-09-24 03:49:55,34.8014,-106.5436,69.4,60,39,4.72,scattered clouds
138,Georgetown,MY,2022-09-24 03:47:50,5.4112,100.3354,84.88,82,20,5.01,few clouds
139,Biloela,AU,2022-09-24 03:49:56,-24.4167,150.5,82.35,28,0,9.91,clear sky
140,Byron Bay,AU,2022-09-24 03:49:56,-28.65,153.6167,78.71,53,8,3.91,clear sky
141,Labuhan,ID,2022-09-24 03:49:57,-6.8844,112.2051,89.89,53,9,5.64,clear sky
142,Khatanga,RU,2022-09-24 03:49:57,71.9667,102.5,29.26,70,99,7.54,overcast clouds
143,Forest,US,2022-09-24 03:49:57,37.3638,-79.2897,55.45,79,0,5.75,clear sky
144,Teknaf,BD,2022-09-24 03:49:58,20.8624,92.3058,85.05,72,100,2.15,overcast clouds
145,Palmer,US,2022-09-24 03:49:58,42.1584,-72.3287,49.44,66,0,8.05,clear sky
146,Tommot,RU,2022-09-24 03:49:59,58.9564,126.2925,49.41,69,94,5.12,overcast clouds
147,Hovd,MN,2022-09-24 03:49:59,48.0056,91.6419,62.85,24,7,4.43,clear sky
148,Guerrero Negro,MX,2022-09-24 03:50:00,27.9769,-114.0611,74.14,71,1,13.53,clear sky
149,Havelock,US,2022-09-24 03:50:00,34.8791,-76.9013,63.93,81,0,4.88,clear sky
150,Lake Elsinore,US,2022-09-24 03:50:00,33.6681,-117.3273,83.59,39,1,1.01,clear sky
151,Muravlenko,RU,2022-09-24 03:50:01,63.7898,74.523,36.72,81,64,14.27,broken clouds
152,New Norfolk,AU,2022-09-24 03:48:25,-42.7826,147.0587,51.3,76,100,1.99,overcast clouds
153,Auki,SB,2022-09-24 03:50:02,-8.7676,160.7034,86.49,57,17,2.59,few clouds
154,Northam,GB,2022-09-24 03:50:02,51.0333,-4.2167,56.61,83,82,9.31,broken clouds
155,Esna,EG,2022-09-24 03:50:03,25.2934,32.554,75.22,20,0,3.6,clear sky
156,Sistranda,NO,2022-09-24 03:50:04,63.7256,8.834,44.56,83,94,8.61,light rain
157,Zeya,RU,2022-09-24 03:50:04,53.75,127.2667,59.5,46,59,3.11,broken clouds
158,Ancud,CL,2022-09-24 03:50:05,-41.8697,-73.8203,44.22,86,58,2.98,broken clouds
159,Saskylakh,RU,2022-09-24 03:50:05,71.9167,114.0833,27.57,70,100,3.49,overcast clouds
160,Alekseyevsk,RU,2022-09-24 03:50:06,57.8406,108.3492,39.97,80,100,8.37,light rain
161,Manbij,SY,2022-09-24 03:50:06,36.5281,37.9549,63.84,72,1,7.96,clear sky
162,Maniitsoq,GL,2022-09-24 03:50:07,65.4167,-52.9,40.95,98,100,0.87,moderate rain
163,Touros,BR,2022-09-24 03:50:07,-5.1989,-35.4608,76.17,78,0,12.48,clear sky
164,Abu Samrah,SY,2022-09-24 03:50:08,35.3029,37.1841,65.71,75,0,7.16,clear sky
165,Altamont,US,2022-09-24 03:50:08,42.2068,-121.7372,58.89,59,0,0.0,clear sky
166,Gambela,ET,2022-09-24 03:50:09,8.25,34.5833,70.36,91,85,2.48,overcast clouds
167,Hilo,US,2022-09-24 03:48:26,19.7297,-155.09,82.27,89,100,6.91,overcast clouds
168,Naze,JP,2022-09-24 03:50:10,28.3667,129.4833,83.32,69,49,13.13,scattered clouds
169,Altay,CN,2022-09-24 03:50:10,47.8667,88.1167,70.52,17,0,4.92,clear sky
170,Sioux Lookout,CA,2022-09-24 03:50:11,50.1001,-91.917,51.87,87,100,6.91,overcast clouds
171,Hambantota,LK,2022-09-24 03:50:12,6.1241,81.1185,86.34,66,40,10.36,scattered clouds
172,Tual,ID,2022-09-24 03:50:12,-5.6667,132.75,82.38,72,64,13.31,broken clouds
173,Carutapera,BR,2022-09-24 03:50:13,-1.195,-46.02,75.51,87,4,3.53,clear sky
174,The Valley,AI,2022-09-24 03:49:27,18.217,-63.0578,82.26,74,94,14.56,overcast clouds
175,Riachao Das Neves,BR,2022-09-24 03:50:14,-11.7461,-44.91,73.06,78,38,2.21,scattered clouds
176,Torbay,CA,2022-09-24 03:50:14,47.6666,-52.7314,61.75,96,100,18.41,light intensity drizzle
177,Luanda,AO,2022-09-24 03:50:04,-8.8368,13.2343,73.4,83,75,3.44,broken clouds
178,La Asuncion,VE,2022-09-24 03:50:15,11.0333,-63.8628,78.53,94,47,8.05,scattered clouds
179,Hithadhoo,MV,2022-09-24 03:51:15,-0.6,73.0833,81.63,74,100,3.51,overcast clouds
180,Tokur,RU,2022-09-24 03:51:16,53.1333,132.9,46.29,87,100,6.58,overcast clouds
181,Gusau,NG,2022-09-24 03:51:16,12.1628,6.6614,73.36,84,100,6.44,overcast clouds
182,Montalvo,EC,2022-09-24 03:51:17,-1.8,-79.3333,72.97,87,69,2.35,broken clouds
183,Kodiak,US,2022-09-24 03:49:44,57.79,-152.4072,54.91,41,20,6.91,few clouds
184,Ladario,BR,2022-09-24 03:51:17,-19.0047,-57.6017,63.5,28,49,3.96,scattered clouds
185,Black River,JM,2022-09-24 03:51:18,18.0264,-77.8487,79.05,83,21,3.83,few clouds
186,Sawtell,AU,2022-09-24 03:51:18,-30.3833,153.1,69.82,78,75,8.05,broken clouds
187,Lubango,AO,2022-09-24 03:51:19,-14.9172,13.4925,63.09,29,3,4.32,clear sky
188,Minsk,BY,2022-09-24 03:46:22,53.9,27.5667,46.15,92,100,9.46,overcast clouds
189,Vila Velha,BR,2022-09-24 03:48:13,-20.3297,-40.2925,71.55,82,75,17.0,broken clouds
190,Cayenne,GF,2022-09-24 03:51:20,4.9333,-52.3333,75.24,94,0,0.0,clear sky
191,Port Macquarie,AU,2022-09-24 03:51:20,-31.4333,152.9167,66.09,68,100,19.57,thunderstorm
192,Oriximina,BR,2022-09-24 03:49:29,-1.7656,-55.8661,76.12,52,0,3.15,clear sky
193,Lodja,CD,2022-09-24 03:51:21,-3.4833,23.4333,67.21,99,95,2.01,overcast clouds
194,Aktau,KZ,2022-09-24 03:51:21,43.65,51.2,68.58,71,19,19.08,few clouds
195,Nicoya,CR,2022-09-24 03:51:22,10.1483,-85.452,74.84,94,96,2.84,overcast clouds
196,Biak,ID,2022-09-24 03:51:22,-0.9131,122.8766,83.37,66,79,9.28,broken clouds
197,Grindavik,IS,2022-09-24 03:51:23,63.8424,-22.4338,50.47,100,100,18.41,mist
198,Brockville,CA,2022-09-24 03:50:41,44.5834,-75.6826,52.12,88,0,5.7,clear sky
199,Abbeville,FR,2022-09-24 03:51:23,50.1,1.8333,56.5,95,100,3.8,overcast clouds
200,Kirkuk,IQ,2022-09-24 03:51:24,35.4681,44.3922,78.66,29,0,4.56,clear sky
201,La Rioja,ES,2022-09-24 03:51:24,42.25,-2.5,49.78,83,84,3.38,broken clouds
202,Provideniya,RU,2022-09-24 03:51:25,64.3833,-173.3,42.64,66,98,16.62,overcast clouds
203,Corvallis,US,2022-09-24 03:49:59,44.5646,-123.262,64.45,65,0,5.75,clear sky
204,Katsuura,JP,2022-09-24 03:51:25,35.1333,140.3,80.62,84,99,18.95,overcast clouds
205,Aquiraz,BR,2022-09-24 03:51:26,-3.9014,-38.3911,80.69,86,23,10.58,few clouds
206,Sarai Naurang,PK,2022-09-24 03:51:26,32.8259,70.7814,86.58,51,0,3.89,clear sky
207,Paratinga,BR,2022-09-24 03:51:27,-12.6906,-43.1842,74.5,76,55,1.57,broken clouds
208,Vanavara,RU,2022-09-24 03:51:27,60.34,102.2797,37.6,69,100,7.72,overcast clouds
209,Husavik,IS,2022-09-24 03:51:28,66.0449,-17.3389,46.47,68,100,18.28,overcast clouds
210,Praia Da Vitoria,PT,2022-09-24 03:51:28,38.7333,-27.0667,73.65,88,75,23.09,light rain
211,Te Anau,NZ,2022-09-24 03:51:29,-45.4167,167.7167,60.22,57,99,2.59,overcast clouds
212,Aanekoski,FI,2022-09-24 03:51:29,62.6946,25.818,42.67,92,60,3.33,broken clouds
213,Port Keats,AU,2022-09-24 03:51:30,-14.25,129.55,90.05,53,48,12.88,scattered clouds
214,Bela,IN,2022-09-24 03:51:30,25.9333,81.9833,84.06,74,88,6.62,overcast clouds
215,Mackay,AU,2022-09-24 03:51:31,-21.15,149.2,86.68,74,10,12.77,clear sky
216,Port-Gentil,GA,2022-09-24 03:51:31,-0.7193,8.7815,76.78,87,100,12.19,light rain
217,Mehamn,NO,2022-09-24 03:51:32,71.0357,27.8492,48.15,81,40,13.8,scattered clouds
218,Santa Marta,CO,2022-09-24 03:49:29,11.2408,-74.199,81.9,78,40,5.75,scattered clouds
219,Ahipara,NZ,2022-09-24 03:51:32,-35.1667,173.1667,60.15,73,25,11.52,scattered clouds
220,East London,ZA,2022-09-24 03:51:33,-33.0153,27.9116,59.94,100,100,6.91,overcast clouds
221,Hasaki,JP,2022-09-24 03:51:33,35.7333,140.8333,83.21,80,93,18.28,overcast clouds
222,Naron,ES,2022-09-24 03:51:34,43.5167,-8.1528,62.02,85,30,9.06,scattered clouds
223,Guymon,US,2022-09-24 03:51:34,36.6828,-101.4816,75.2,50,20,12.66,few clouds
224,Miri,MY,2022-09-24 03:47:26,4.4148,114.0089,87.94,70,40,4.61,scattered clouds
225,Kavieng,PG,2022-09-24 03:51:35,-2.5744,150.7967,85.03,66,99,14.76,overcast clouds
226,Kahului,US,2022-09-24 03:49:42,20.8947,-156.47,87.82,63,20,6.91,few clouds
227,Ola,RU,2022-09-24 03:51:35,59.5833,151.2833,53.15,46,2,1.66,clear sky
228,Changying,CN,2022-09-24 03:52:36,52.8733,123.3213,60.46,49,79,6.51,broken clouds
229,Menongue,AO,2022-09-24 03:52:36,-14.6585,17.691,64.69,37,63,3.91,broken clouds
230,Tonj,SS,2022-09-24 03:52:37,7.2737,28.6822,68.23,97,31,1.54,scattered clouds
231,Atbasar,KZ,2022-09-24 03:52:37,51.8,68.3333,72.81,38,9,7.72,clear sky
232,Avera,US,2022-09-24 03:52:37,33.194,-82.5271,55.45,44,0,4.41,clear sky
233,Springfield,US,2022-09-24 03:52:38,37.2153,-93.2982,72.23,64,67,5.01,broken clouds
234,Samarai,PG,2022-09-24 03:52:38,-10.6167,150.6667,82.11,75,82,9.73,broken clouds
235,La Virginia,CO,2022-09-24 03:52:39,4.8997,-75.8825,69.35,94,75,4.61,light intensity drizzle
236,Severo-Kurilsk,RU,2022-09-24 03:52:39,50.6789,156.125,54.3,76,100,4.12,overcast clouds
237,Upernavik,GL,2022-09-24 03:52:39,72.7868,-56.1549,27.54,66,37,7.61,scattered clouds
238,Owase,JP,2022-09-24 03:52:40,34.0667,136.2,83.82,60,6,2.17,clear sky
239,Burnie,AU,2022-09-24 03:52:40,-41.0667,145.9167,49.23,85,100,8.16,light rain
240,Lasa,IT,2022-09-24 03:52:41,46.6166,10.7002,54.48,90,100,2.53,overcast clouds
241,Chapais,CA,2022-09-24 03:52:41,49.7834,-74.8492,38.98,90,12,3.36,few clouds
242,Rio Gallegos,AR,2022-09-24 03:51:15,-51.6226,-69.2181,42.85,61,40,9.22,scattered clouds
243,Poum,NC,2022-09-24 03:52:42,-20.2333,164.0167,77.63,72,9,11.03,clear sky
244,Guasdualito,VE,2022-09-24 03:52:42,7.2424,-70.7324,78.8,100,62,3.44,broken clouds
245,Nkhotakota,MW,2022-09-24 03:52:43,-12.9274,34.2961,71.62,53,48,1.74,scattered clouds
246,Manono,CD,2022-09-24 03:52:43,-7.3,27.4167,75.99,63,94,3.27,overcast clouds
247,Kalinovo,RU,2022-09-24 03:52:44,57.1317,60.1464,51.58,82,99,6.6,overcast clouds
248,Ouesso,CG,2022-09-24 03:52:44,1.6136,16.0517,68.88,98,100,1.72,overcast clouds
249,Rawson,AR,2022-09-24 03:50:53,-43.3002,-65.1023,52.5,62,1,10.25,clear sky
250,Huimilpan,MX,2022-09-24 03:52:45,20.372,-100.2774,52.63,81,34,5.86,scattered clouds
251,Malakal,SS,2022-09-24 03:52:45,9.5334,31.6605,69.42,93,82,1.97,broken clouds
252,Fredericksburg,US,2022-09-24 03:48:05,38.3032,-77.4605,56.57,79,0,0.0,clear sky
253,Mehran,IR,2022-09-24 03:52:46,33.1222,46.1646,86.02,22,0,10.22,clear sky
254,Ashland,US,2022-09-24 03:52:46,40.8167,-82.2665,52.27,84,100,3.58,overcast clouds
255,Sibolga,ID,2022-09-24 03:52:47,1.7427,98.7792,85.03,61,94,3.18,overcast clouds
256,Dikson,RU,2022-09-24 03:52:47,73.5069,80.5464,32.97,74,100,18.34,overcast clouds
257,Shelburne,CA,2022-09-24 03:52:47,44.0787,-80.2041,45.75,84,74,5.46,broken clouds
258,Port Augusta,AU,2022-09-24 03:52:48,-32.5,137.7667,70.12,34,0,3.31,clear sky
259,Mirabela,BR,2022-09-24 03:52:48,-16.2628,-44.1644,68.79,75,61,2.59,broken clouds
260,Yatou,CN,2022-09-24 03:52:49,37.15,122.3833,71.89,47,35,8.23,scattered clouds
261,Calderitas,MX,2022-09-24 03:52:49,18.55,-88.25,80.49,82,100,8.63,overcast clouds
262,Salalah,OM,2022-09-24 03:52:49,17.0151,54.0924,79.2,79,100,3.8,overcast clouds
263,Shestakovo,RU,2022-09-24 03:52:50,56.4915,103.96,40.14,86,100,7.94,light rain
264,Conceicao Do Araguaia,BR,2022-09-24 03:52:50,-8.2578,-49.2647,77.25,68,67,4.18,broken clouds
265,Buzmeyin,TM,2022-09-24 03:52:51,38.0507,58.2056,71.33,30,0,4.61,clear sky
266,Hami,CN,2022-09-24 03:48:33,42.8,93.45,80.42,8,50,8.55,scattered clouds
267,Mana,GF,2022-09-24 03:52:51,5.6592,-53.7767,77.92,82,4,7.43,clear sky
268,Juuru,EE,2022-09-24 03:52:52,59.0597,24.956,42.39,84,95,3.0,overcast clouds
269,Plouzane,FR,2022-09-24 03:52:52,48.3833,-4.6167,55.72,94,40,6.91,scattered clouds
270,College,US,2022-09-24 03:52:53,64.8569,-147.8028,45.59,85,75,4.61,broken clouds
271,Kaputa,ZM,2022-09-24 03:52:53,-8.4689,29.6619,71.31,50,35,6.44,scattered clouds
272,Staffanstorp,SE,2022-09-24 03:52:53,55.6428,13.2064,54.07,84,0,4.61,clear sky
273,Bethel,US,2022-09-24 03:52:54,41.3712,-73.414,50.54,69,0,5.01,clear sky
274,Savelugu,GH,2022-09-24 03:52:54,9.6244,-0.8253,73.4,93,100,4.68,overcast clouds
275,Kirakira,SB,2022-09-24 03:52:55,-10.4544,161.9205,84.47,66,23,5.68,few clouds
276,Chikmagalur,IN,2022-09-24 03:53:55,13.3167,75.7833,72.3,72,56,5.88,broken clouds
277,Port Lincoln,AU,2022-09-24 03:50:58,-34.7333,135.8667,56.75,58,0,13.4,clear sky
278,Hun,LY,2022-09-24 03:53:56,29.1268,15.9477,72.25,77,78,10.29,broken clouds
279,Progreso,MX,2022-09-24 03:52:55,21.2833,-89.6667,78.12,84,9,10.18,clear sky
280,Kurush,RU,2022-09-24 03:53:57,41.2841,47.8345,47.61,74,18,7.05,few clouds
281,Vila,PT,2022-09-24 03:53:57,42.0304,-8.1588,50.88,81,49,6.69,scattered clouds
282,Kostomuksha,RU,2022-09-24 03:53:57,64.571,30.5767,42.85,75,100,4.03,overcast clouds
283,Tasiilaq,GL,2022-09-24 03:51:03,65.6145,-37.6368,39.36,88,100,3.15,light rain
284,Esperance,AU,2022-09-24 03:53:58,-33.8667,121.9,57.79,80,75,21.61,broken clouds
285,Porbandar,IN,2022-09-24 03:53:58,21.6422,69.6093,81.52,69,69,10.94,broken clouds
286,Khani,GE,2022-09-24 03:53:59,41.9563,42.9566,47.77,80,72,1.9,broken clouds
287,Les Cayes,HT,2022-09-24 03:53:59,18.2,-73.75,79.38,82,66,3.0,broken clouds
288,Dwarka,IN,2022-09-24 03:54:00,22.2394,68.9678,82.63,65,69,12.35,broken clouds
289,Vardo,NO,2022-09-24 03:54:00,70.3705,31.1107,46.38,87,40,14.97,scattered clouds
290,Port Elizabeth,ZA,2022-09-24 03:54:01,-33.918,25.5701,59.31,98,100,14.97,light intensity drizzle
291,Quatre Cocos,MU,2022-09-24 03:54:01,-20.2078,57.7625,73.09,68,70,15.41,broken clouds
292,Moba,CN,2022-09-24 03:54:01,33.2288,105.0179,57.61,69,98,4.36,overcast clouds
293,Marsh Harbour,BS,2022-09-24 03:54:02,26.5412,-77.0636,82.87,71,0,5.84,light rain
294,Lorengau,PG,2022-09-24 03:52:15,-2.0226,147.2712,84.22,69,64,8.28,broken clouds
295,Tashla,RU,2022-09-24 03:54:02,51.7716,52.7427,64.78,67,49,10.45,scattered clouds
296,Nanortalik,GL,2022-09-24 03:54:03,60.1432,-45.2371,48.9,98,100,18.25,light rain
297,Upata,VE,2022-09-24 03:54:03,8.0086,-62.3989,75.2,96,100,3.13,overcast clouds
298,Asau,RO,2022-09-24 03:54:04,46.4333,26.4,38.32,87,74,4.03,broken clouds
299,Stephenville,US,2022-09-24 03:54:05,32.2207,-98.2023,81.55,44,40,1.01,scattered clouds
300,Luoyang,CN,2022-09-24 03:51:55,34.6836,112.4536,70.45,23,100,2.68,overcast clouds
301,Chicama,PE,2022-09-24 03:54:05,-7.8447,-79.1469,57.74,84,54,6.46,broken clouds
302,Caravelas,BR,2022-09-24 03:54:06,-17.7125,-39.2481,74.5,92,96,0.83,moderate rain
303,Phalombe,MW,2022-09-24 03:54:06,-15.8064,35.6507,68.74,69,7,1.34,clear sky
304,Kaduy,RU,2022-09-24 03:54:07,59.2,37.15,45.99,82,100,10.71,overcast clouds
305,Tocopilla,CL,2022-09-24 03:51:53,-22.092,-70.1979,57.02,73,14,1.83,few clouds
306,Benidorm,ES,2022-09-24 03:54:07,38.5382,-0.131,76.77,57,86,7.0,overcast clouds
307,Tiarei,PF,2022-09-24 03:54:08,-17.5333,-149.3333,82.0,78,14,19.91,few clouds
308,Damaturu,NG,2022-09-24 03:54:09,11.747,11.9608,74.07,89,100,7.05,overcast clouds
309,Moerai,PF,2022-09-24 03:54:09,-22.4333,-151.3333,70.63,62,19,23.67,few clouds
310,Malatya,TR,2022-09-24 03:54:10,38.5,38.0,48.25,66,40,2.3,scattered clouds
311,Leshukonskoye,RU,2022-09-24 03:54:10,64.8989,45.7622,40.48,93,95,5.64,overcast clouds
312,Wajir,KE,2022-09-24 03:54:10,1.7471,40.0573,73.36,68,0,0.0,clear sky
313,Beringovskiy,RU,2022-09-24 03:54:11,63.05,179.3167,42.1,78,98,24.36,overcast clouds
314,Kaffrine,SN,2022-09-24 03:54:11,14.1059,-15.5508,75.34,96,100,5.93,overcast clouds
315,Tilichiki,RU,2022-09-24 03:54:12,60.4667,166.1,45.73,54,75,13.4,broken clouds
316,Leningradskiy,RU,2022-09-24 03:50:51,69.3833,178.4167,29.61,94,100,18.81,light snow
317,Bozhou,CN,2022-09-24 03:54:13,33.8772,115.7703,72.59,30,100,4.52,overcast clouds
318,Tyukhtet,RU,2022-09-24 03:54:13,56.5389,89.3011,44.96,59,80,9.53,broken clouds
319,Tortosa,ES,2022-09-24 03:53:32,40.8125,0.5216,71.24,79,94,7.2,overcast clouds
320,Banda Aceh,ID,2022-09-24 03:54:14,5.5577,95.3222,83.84,66,100,8.55,overcast clouds
321,Kyzyl,RU,2022-09-24 03:54:14,51.7,94.45,59.72,37,97,10.29,overcast clouds
322,Lohja,FI,2022-09-24 03:55:15,60.2486,24.0653,48.43,80,100,3.38,overcast clouds
323,Gumla,IN,2022-09-24 03:55:15,23.05,84.55,79.88,76,77,2.68,broken clouds
324,Kamaishi,JP,2022-09-24 03:55:16,39.2667,141.8833,73.83,96,100,10.45,moderate rain
325,Tsiroanomandidy,MG,2022-09-24 03:55:16,-18.7667,46.0333,66.67,57,6,4.18,clear sky
326,Cururupu,BR,2022-09-24 03:52:46,-1.8283,-44.8683,73.4,94,0,1.9,clear sky
327,Abay,KZ,2022-09-24 03:55:17,49.6311,72.8539,64.78,42,7,5.32,clear sky
328,Porosozero,RU,2022-09-24 03:55:17,62.7191,32.727,42.57,79,85,3.62,overcast clouds
329,Henties Bay,NA,2022-09-24 03:55:18,-22.116,14.2845,52.23,91,11,3.2,few clouds
330,Diapaga,BF,2022-09-24 03:55:19,12.0708,1.7889,74.66,89,70,5.19,broken clouds
331,Kununurra,AU,2022-09-24 03:55:19,-15.7667,128.7333,100.38,25,90,12.66,overcast clouds
332,Deputatskiy,RU,2022-09-24 03:55:20,69.3,139.9,25.84,90,95,4.0,overcast clouds
333,Kichera,RU,2022-09-24 03:55:20,55.9375,110.0997,42.49,59,38,10.76,scattered clouds
334,Banes,CU,2022-09-24 03:55:21,20.9625,-75.7186,79.9,78,15,7.07,few clouds
335,Lensk,RU,2022-09-24 03:55:21,60.7253,114.9278,36.72,97,100,12.5,light rain
336,Sena Madureira,BR,2022-09-24 03:55:22,-9.0656,-68.6569,71.87,97,100,1.81,overcast clouds
337,Egvekinot,RU,2022-09-24 03:55:22,66.3167,-179.1667,32.68,72,88,13.82,overcast clouds
338,Slave Lake,CA,2022-09-24 03:55:23,55.2834,-114.769,51.78,54,0,5.75,clear sky
339,Opuwo,NA,2022-09-24 03:55:23,-18.0607,13.84,63.5,27,0,1.74,clear sky
340,Paducah,US,2022-09-24 03:55:13,37.0834,-88.6001,67.6,56,0,0.0,clear sky
341,Grand Gaube,MU,2022-09-24 03:55:24,-20.0064,57.6608,73.38,60,67,11.99,broken clouds
342,Kaeo,NZ,2022-09-24 03:55:25,-35.1,173.7833,65.32,71,40,8.97,scattered clouds
343,Roald,NO,2022-09-24 03:55:25,62.5833,6.1333,52.75,93,40,6.91,scattered clouds
344,Suntar,RU,2022-09-24 03:55:26,62.1444,117.6319,36.66,97,100,8.32,overcast clouds
345,Neiafu,TO,2022-09-24 03:55:26,-18.65,-173.9833,83.08,74,40,13.8,scattered clouds
346,Swan River,CA,2022-09-24 03:55:27,52.1058,-101.2676,51.69,87,68,3.44,broken clouds
347,Mogadishu,SO,2022-09-24 03:55:27,2.0371,45.3438,76.87,78,40,12.66,scattered clouds
348,Egra,CZ,2022-09-24 03:55:28,50.0796,12.3739,48.04,91,100,2.39,overcast clouds
349,Coihaique,CL,2022-09-24 03:55:28,-45.5752,-72.0662,44.55,65,40,3.44,light rain
350,Melo,UY,2022-09-24 03:55:28,-32.3667,-54.1833,44.83,86,24,3.24,few clouds
351,Cortez,US,2022-09-24 03:50:38,37.3489,-108.5859,54.7,76,0,4.61,clear sky
352,Talakan,RU,2022-09-24 03:55:29,50.3167,130.3667,63.32,66,100,11.45,overcast clouds
353,Minab,IR,2022-09-24 03:55:30,27.1467,57.0801,88.12,63,5,0.94,clear sky
354,Annau,TM,2022-09-24 03:55:30,37.8876,58.516,71.1,30,0,4.61,clear sky
355,San Carlos De Bariloche,AR,2022-09-24 03:55:31,-41.1456,-71.3082,38.95,75,0,10.36,clear sky
356,Lasem,ID,2022-09-24 03:55:31,-6.6922,111.4527,89.51,53,11,1.43,few clouds
357,Beitbridge,ZW,2022-09-24 03:55:32,-22.2167,30.0,69.69,55,0,12.84,clear sky
358,Betsiamites,CA,2022-09-24 03:55:32,48.9413,-68.646,51.89,57,100,15.48,overcast clouds
359,Bilibino,RU,2022-09-24 03:55:33,68.0546,166.4372,35.31,61,96,7.99,overcast clouds
360,Kargasok,RU,2022-09-24 03:55:34,59.0556,80.8572,43.66,58,100,4.03,overcast clouds
361,Winton,US,2022-09-24 03:55:34,37.3894,-120.6133,78.98,45,0,5.57,clear sky
362,La Ronge,CA,2022-09-24 03:55:34,55.1001,-105.2842,59.25,51,75,6.91,broken clouds
363,Fukue,JP,2022-09-24 03:55:35,32.6881,128.8419,75.56,60,75,12.66,broken clouds
364,Shitanjing,CN,2022-09-24 03:55:35,39.2342,106.3439,64.35,28,59,1.83,broken clouds
365,Manali,IN,2022-09-24 03:55:36,13.1667,80.2667,91.49,48,46,5.99,scattered clouds
366,Tongling,CN,2022-09-24 03:55:37,30.95,117.7833,66.18,64,100,7.96,overcast clouds
367,Isla Vista,US,2022-09-24 03:56:38,34.4133,-119.861,72.0,68,0,2.84,clear sky
368,Zhezkazgan,KZ,2022-09-24 03:56:38,47.8043,67.7144,66.18,32,0,11.18,clear sky
369,Sabang,ID,2022-09-24 03:56:38,5.8933,95.3214,81.61,71,100,12.97,light rain
370,Trairi,BR,2022-09-24 03:56:37,-3.2778,-39.2689,77.4,82,19,10.51,few clouds
371,Dingle,PH,2022-09-24 03:56:39,10.9995,122.6711,86.59,68,94,3.36,overcast clouds
372,Mansa,IN,2022-09-24 03:56:39,29.9833,75.3833,74.39,90,100,6.29,overcast clouds
373,Inongo,CD,2022-09-24 03:56:40,-1.95,18.2667,67.86,99,100,1.79,moderate rain
374,Ramon Castilla,PE,2022-09-24 03:56:40,-4.2569,-69.9594,77.25,94,40,3.44,scattered clouds
375,Songjianghe,CN,2022-09-24 03:56:41,42.1859,127.479,52.12,72,100,7.02,overcast clouds
376,Pangnirtung,CA,2022-09-24 03:56:42,66.1451,-65.7125,31.3,56,0,5.37,clear sky
377,Ustka,PL,2022-09-24 03:56:42,54.5805,16.8619,47.64,66,100,7.78,overcast clouds
378,Dunedin,NZ,2022-09-24 03:56:07,-45.8742,170.5036,55.8,68,38,13.0,scattered clouds
379,Iqaluit,CA,2022-09-24 03:56:43,63.7506,-68.5145,28.13,86,0,10.36,clear sky
380,Nantucket,US,2022-09-24 03:56:43,41.2835,-70.0995,53.01,64,69,29.55,broken clouds
381,Lichinga,MZ,2022-09-24 03:56:44,-13.3128,35.2406,60.89,88,75,13.0,broken clouds
382,Vestmannaeyjar,IS,2022-09-24 03:56:44,63.4427,-20.2734,51.1,93,100,12.57,overcast clouds
383,Pabna,BD,2022-09-24 03:56:45,24.0,89.25,87.1,64,99,6.49,overcast clouds
384,Vilhena,BR,2022-09-24 03:56:45,-12.7406,-60.1458,69.17,84,72,2.64,broken clouds
385,Lagoa,PT,2022-09-24 03:56:45,39.05,-27.9833,71.31,89,100,39.55,heavy intensity rain
386,Faya,SA,2022-09-24 03:56:46,18.3851,42.4509,63.12,29,21,4.99,few clouds
387,Verkhnyaya Inta,RU,2022-09-24 03:56:46,65.9811,60.3094,36.43,78,100,4.85,overcast clouds
388,Oranjemund,NA,2022-09-24 03:56:47,-28.55,16.4333,52.74,89,91,8.12,overcast clouds
389,Portland,US,2022-09-24 03:56:38,45.5234,-122.6762,66.34,68,9,4.0,clear sky
390,San Juan,AR,2022-09-24 03:56:47,-31.5375,-68.5364,60.31,20,0,2.66,clear sky
391,Sakaiminato,JP,2022-09-24 03:56:48,35.55,133.2333,76.98,57,75,9.22,broken clouds
392,Poyarkovo,RU,2022-09-24 03:56:48,49.6,128.6833,61.52,60,66,13.24,broken clouds
393,Port Hedland,AU,2022-09-24 03:56:49,-20.3167,118.5667,100.45,16,0,14.97,clear sky
394,Severo-Yeniseyskiy,RU,2022-09-24 03:56:49,60.3725,93.0408,31.77,93,99,8.61,light snow
395,Faanui,PF,2022-09-24 03:56:49,-16.4833,-151.75,77.86,75,28,18.79,light rain
396,Hobyo,SO,2022-09-24 03:56:50,5.3505,48.5268,76.89,79,16,16.31,few clouds
397,Togur,RU,2022-09-24 03:56:50,58.3631,82.8265,44.06,59,100,3.47,overcast clouds
398,Chernyshevskiy,RU,2022-09-24 03:56:51,63.0128,112.4714,31.91,85,100,8.32,light snow
399,Roma,US,2022-09-24 03:56:51,43.2128,-75.4557,43.72,91,0,1.99,clear sky
400,Margate,GB,2022-09-24 03:56:51,51.3813,1.3862,56.89,85,100,3.0,overcast clouds
401,Pryozerne,UA,2022-09-24 03:56:52,45.2698,36.3303,56.79,69,100,9.93,overcast clouds
402,Half Moon Bay,US,2022-09-24 03:56:52,37.4636,-122.4286,74.88,78,7,5.91,clear sky
403,Maldonado,UY,2022-09-24 03:52:05,-34.6667,-54.9167,49.23,81,30,4.29,scattered clouds
404,Sept-Iles,CA,2022-09-24 03:56:53,50.2001,-66.3821,50.52,67,100,13.8,overcast clouds
405,Batagay,RU,2022-09-24 03:56:53,67.6333,134.6333,37.35,58,67,6.62,broken clouds
406,Kokopo,PG,2022-09-24 03:56:54,-4.352,152.2633,85.64,60,59,5.55,broken clouds
407,Tazovskiy,RU,2022-09-24 03:56:54,67.4667,78.7,30.6,79,81,13.49,broken clouds
408,Haines Junction,CA,2022-09-24 03:56:55,60.7522,-137.5108,46.35,57,100,8.05,overcast clouds
409,Pisco,PE,2022-09-24 03:56:55,-13.7,-76.2167,59.05,82,0,9.22,clear sky
410,Mchinji,MW,2022-09-24 03:56:56,-13.7984,32.8802,62.74,49,27,5.1,scattered clouds
411,Beni,CD,2022-09-24 03:57:56,0.5,29.4667,60.1,99,96,0.6,light rain
412,Nhulunbuy,AU,2022-09-24 03:55:14,-12.2333,136.7667,90.21,43,52,14.97,broken clouds
413,Ust-Omchug,RU,2022-09-24 03:57:57,61.15,149.6333,36.68,49,6,1.92,clear sky
414,Luancheng,CN,2022-09-24 03:57:57,37.8792,114.6517,71.76,15,98,5.08,overcast clouds
415,Sinnar,SD,2022-09-24 03:57:58,13.5691,33.5672,72.16,86,100,8.48,light rain
416,Waipawa,NZ,2022-09-24 03:57:58,-41.4122,175.5153,50.4,98,100,11.83,moderate rain
417,Ulaanbaatar,MN,2022-09-24 03:57:58,47.9077,106.8832,55.53,44,40,17.9,scattered clouds
418,Kloulklubed,PW,2022-09-24 03:57:59,7.0419,134.2556,85.64,71,99,15.5,overcast clouds
419,Saint-Augustin,CA,2022-09-24 03:57:59,51.226,-58.6502,52.03,90,100,18.12,overcast clouds
420,Bambanglipuro,ID,2022-09-24 03:58:00,-7.95,110.2833,83.25,72,84,11.25,broken clouds
421,Kholodnyy,RU,2022-09-24 03:58:00,62.7167,147.95,32.79,55,14,1.5,few clouds
422,Nileshwar,IN,2022-09-24 03:58:01,12.25,75.1,80.44,74,22,1.12,few clouds
423,Spas-Demensk,RU,2022-09-24 03:58:01,54.4122,34.0226,44.37,96,100,6.93,overcast clouds
424,Axim,GH,2022-09-24 03:58:02,4.8699,-2.2405,74.46,94,76,5.88,broken clouds
425,Birao,CF,2022-09-24 03:58:02,10.2849,22.7882,69.96,98,100,3.65,moderate rain
426,Kaitangata,NZ,2022-09-24 03:58:03,-46.2817,169.8464,56.77,62,45,6.53,scattered clouds
427,Lazurne,UA,2022-09-24 03:58:03,46.084,32.5295,55.4,69,100,11.65,light rain
428,Lake Havasu City,US,2022-09-24 03:55:18,34.4839,-114.3224,92.23,41,0,5.01,clear sky
429,Paralimni,CY,2022-09-24 03:58:04,35.0375,33.9833,69.15,63,3,1.01,clear sky
430,Bria,CF,2022-09-24 03:58:04,6.5423,21.9863,68.16,95,99,2.98,overcast clouds
431,Hengyang,CN,2022-09-24 03:58:05,26.8881,112.615,83.93,32,7,6.46,clear sky
432,Ebeltoft,DK,2022-09-24 03:58:05,56.1944,10.6821,55.42,94,75,0.0,broken clouds
433,Magdalena,PH,2022-09-24 03:58:06,14.1999,121.429,84.34,70,98,2.89,overcast clouds
434,Mareeba,AU,2022-09-24 03:58:06,-17.0,145.4333,93.43,38,7,11.05,clear sky
435,Arrecife,ES,2022-09-24 03:58:07,28.963,-13.5477,73.38,78,0,4.61,clear sky
436,Matamoros,MX,2022-09-24 03:58:07,25.5333,-103.25,77.11,40,0,12.57,clear sky
437,Atar,MR,2022-09-24 03:58:08,20.5169,-13.0499,81.84,58,91,3.96,light rain
438,Ketchikan,US,2022-09-24 03:58:08,55.3422,-131.6461,53.28,92,81,8.32,light rain
439,Eirunepe,BR,2022-09-24 03:58:08,-6.6603,-69.8736,71.33,99,100,1.28,overcast clouds
440,Prince Rupert,CA,2022-09-24 03:55:09,54.3161,-130.3201,53.29,94,100,32.21,moderate rain
441,Norsup,VU,2022-09-24 03:58:09,-16.0667,167.3833,82.8,72,58,9.35,broken clouds
442,Hinesburg,US,2022-09-24 03:58:10,44.3292,-73.1107,50.04,79,7,13.65,clear sky
443,Mwinilunga,ZM,2022-09-24 03:58:10,-11.7358,24.4293,60.84,37,5,4.47,clear sky
444,Mounana,GA,2022-09-24 03:58:11,-1.4085,13.1586,69.64,97,98,2.28,overcast clouds
445,Ilulissat,GL,2022-09-24 03:58:11,69.2167,-51.1,32.52,99,100,3.15,light snow
446,Emirdag,TR,2022-09-24 03:58:12,39.0197,31.15,43.77,78,21,3.18,few clouds
447,San Patricio,US,2022-09-24 03:58:12,28.017,-97.5169,83.86,62,0,9.17,clear sky
448,Moron,AR,2022-09-24 03:58:13,-34.6534,-58.6198,60.55,78,97,5.03,overcast clouds
449,Kangaba,ML,2022-09-24 03:58:13,11.9333,-8.4167,71.19,97,92,2.82,light rain
450,Fenyi,CN,2022-09-24 03:58:14,27.8112,114.6681,84.65,39,54,7.05,broken clouds
451,Redlands,US,2022-09-24 03:53:30,34.0556,-117.1825,82.92,44,4,1.99,clear sky
452,Lamu,KE,2022-09-24 03:58:14,-2.2717,40.902,76.21,84,17,9.53,few clouds
453,Arlit,NE,2022-09-24 03:58:15,18.7369,7.3853,91.6,14,21,8.03,few clouds
454,Saryozek,KZ,2022-09-24 03:58:15,44.3583,77.9753,75.67,28,1,4.07,clear sky
455,Fengrun,CN,2022-09-24 03:58:16,39.8333,118.1167,78.58,14,21,8.59,few clouds
456,Saldanha,ZA,2022-09-24 03:58:16,-33.0117,17.9442,41.05,72,60,3.31,broken clouds
457,Alenquer,BR,2022-09-24 03:58:17,-1.9417,-54.7383,75.85,49,0,3.87,clear sky
458,Collie,AU,2022-09-24 03:59:17,-33.3667,116.15,60.06,38,32,8.37,scattered clouds
459,Gidole,ET,2022-09-24 03:59:18,5.65,37.3667,58.08,59,92,2.51,overcast clouds
460,Store Heddinge,DK,2022-09-24 03:59:18,55.3097,12.3889,56.88,72,98,9.22,overcast clouds
461,Vibo Valentia,IT,2022-09-24 03:59:19,38.6996,16.1274,46.99,53,0,4.18,clear sky
462,Zasheyek,RU,2022-09-24 03:59:19,67.4066,32.5499,40.95,95,100,7.07,overcast clouds
463,Pinega,RU,2022-09-24 03:59:20,64.7001,43.3936,42.82,92,100,5.06,overcast clouds
464,Dole,FR,2022-09-24 03:59:20,47.0833,5.5,59.5,94,100,10.36,overcast clouds
465,Karasjok,NO,2022-09-24 03:59:20,69.4719,25.5112,42.8,87,100,6.85,overcast clouds
466,Tautira,PF,2022-09-24 03:59:21,-17.7333,-149.15,75.87,79,28,18.52,light rain
467,South Lake Tahoe,US,2022-09-24 03:54:44,38.9332,-119.9844,60.35,53,0,3.13,clear sky
468,Namie,JP,2022-09-24 03:59:22,37.4833,141.0,76.71,94,100,9.57,moderate rain
469,Lethbridge,CA,2022-09-24 03:55:47,49.7,-112.8186,59.11,47,75,28.77,broken clouds
470,Constitucion,CL,2022-09-24 03:59:22,-35.3333,-72.4167,50.83,92,100,11.61,overcast clouds
471,Vanderhoof,CA,2022-09-24 03:59:23,54.0166,-124.0198,47.52,62,26,5.64,scattered clouds
472,Madaoua,NE,2022-09-24 03:59:23,14.073,5.96,81.7,64,67,6.98,broken clouds
473,Ostrovnoy,RU,2022-09-24 03:59:24,68.0531,39.5131,40.59,80,29,11.03,scattered clouds
474,Sao Filipe,CV,2022-09-24 03:59:24,14.8961,-24.4956,77.74,86,75,10.96,broken clouds
475,Saint Anthony,US,2022-09-24 03:59:24,45.0205,-93.218,54.25,92,100,10.36,mist
476,Gotsu,JP,2022-09-24 03:59:25,35.0,132.2167,72.05,59,46,10.0,scattered clouds
477,Inhambane,MZ,2022-09-24 03:59:25,-23.865,35.3833,69.78,100,20,3.44,few clouds
478,Billings,US,2022-09-24 03:54:33,45.7833,-108.5007,66.67,36,29,7.0,scattered clouds
479,Skjervoy,NO,2022-09-24 03:59:26,70.0311,20.9714,46.4,93,100,2.24,light rain
480,Goderich,CA,2022-09-24 03:59:27,43.7501,-81.7165,47.91,93,100,2.3,overcast clouds
481,Tres Picos,MX,2022-09-24 03:59:28,15.8667,-93.5333,78.12,89,100,3.94,overcast clouds
482,Akhnur,IN,2022-09-24 03:59:28,32.8667,74.7333,77.18,63,33,1.07,scattered clouds
483,Santa Isabel Do Rio Negro,BR,2022-09-24 03:59:29,-0.4139,-65.0192,73.81,92,14,2.15,few clouds
484,Evensk,RU,2022-09-24 03:59:29,61.95,159.2333,45.68,46,43,8.34,scattered clouds
485,Saint-Francois,FR,2022-09-24 03:59:30,46.4154,3.9054,56.64,94,100,4.61,overcast clouds
486,Xichang,CN,2022-09-24 03:59:30,27.8964,102.2634,58.08,95,100,1.72,overcast clouds
487,Sorong,ID,2022-09-24 03:59:31,-0.8833,131.25,84.4,72,60,13.04,light rain
488,Caucaia,BR,2022-09-24 03:59:31,-3.7361,-38.6531,80.55,78,40,10.36,scattered clouds
489,Birobidzhan,RU,2022-09-24 03:59:32,48.8,132.95,51.51,93,100,12.91,light rain
490,Makaha,US,2022-09-24 03:59:32,21.4694,-158.2175,81.95,83,100,0.0,overcast clouds
491,Vostok,RU,2022-09-24 03:59:32,46.4856,135.8833,47.34,94,94,4.7,overcast clouds
492,Crib Point,AU,2022-09-24 03:59:33,-38.35,145.2,61.59,76,71,16.53,broken clouds
493,Saint-Paul,RE,2022-09-24 03:59:33,-21.0096,55.2707,73.51,73,54,1.81,light rain
494,Shakawe,BW,2022-09-24 03:59:34,-18.3667,21.85,66.67,21,1,5.73,clear sky
495,Digha,IN,2022-09-24 03:59:34,21.6833,87.55,86.18,72,72,7.23,broken clouds
496,Monze,ZM,2022-09-24 03:59:35,-16.2833,27.4833,65.43,42,2,5.12,clear sky
497,Ilo,PE,2022-09-24 03:59:35,-17.6394,-71.3375,57.88,81,73,3.91,broken clouds
498,Yeppoon,AU,2022-09-24 03:59:36,-23.1333,150.7333,83.98,43,0,8.21,clear sky
499,Marawi,PH,2022-09-24 03:59:36,7.9986,124.2928,79.29,74,73,1.59,broken clouds
500,Conway,US,2022-09-24 03:58:30,35.0887,-92.4421,72.7,59,100,0.0,overcast clouds
501,Cherskiy,RU,2022-09-24 03:59:37,68.75,161.3,40.82,55,36,6.33,scattered clouds
502,Brigg,GB,2022-09-24 03:59:37,53.552,-0.4921,49.5,98,40,2.3,scattered clouds
503,Metro,ID,2022-09-24 03:59:38,-5.1131,105.3067,84.94,67,97,7.38,overcast clouds
504,Buala,SB,2022-09-24 03:59:38,-8.145,159.5921,84.34,71,61,4.05,broken clouds
505,Huangnihe,CN,2022-09-24 04:00:39,43.5583,128.0239,51.84,87,100,12.01,overcast clouds
506,Brewster,US,2022-09-24 03:56:54,41.3973,-73.6171,49.75,78,0,5.06,clear sky
507,Sassandra,CI,2022-09-24 04:00:39,4.95,-6.0833,72.95,95,96,4.21,overcast clouds
508,Ponta Delgada,PT,2022-09-24 04:00:40,37.7333,-25.6667,74.5,88,40,13.8,scattered clouds
509,Phu Ly,VN,2022-09-24 04:00:40,20.5411,105.9139,84.81,68,100,10.74,overcast clouds
510,Muisne,EC,2022-09-24 04:00:42,0.6,-80.0333,74.05,87,77,6.82,broken clouds
511,Minudasht,IR,2022-09-24 04:00:42,37.2289,55.3747,88.7,18,1,6.26,clear sky
512,Sabha,LY,2022-09-24 04:00:43,27.0377,14.4283,73.78,63,99,20.24,overcast clouds
513,Porto Novo,BJ,2022-09-24 04:00:43,6.4965,2.6036,75.0,93,100,4.54,light rain
514,Asfi,MA,2022-09-24 04:00:44,32.2994,-9.2372,69.28,91,21,7.7,few clouds
515,Yumen,CN,2022-09-24 04:00:45,40.2833,97.2,70.93,13,70,3.13,broken clouds
516,Pundaguitan,PH,2022-09-24 04:00:46,6.3711,126.1689,85.32,67,99,5.32,overcast clouds
517,Manokwari,ID,2022-09-24 04:00:46,-0.8667,134.0833,83.75,72,100,6.26,overcast clouds
518,Agadir,MA,2022-09-24 04:00:21,30.4202,-9.5982,66.65,84,100,4.79,overcast clouds
519,Jequie,BR,2022-09-24 04:00:47,-13.8575,-40.0836,70.83,98,33,1.97,scattered clouds
520,Moose Factory,CA,2022-09-24 04:00:47,51.2585,-80.6094,45.23,83,0,6.2,clear sky
521,Itarema,BR,2022-09-24 04:00:48,-2.9248,-39.9167,77.72,84,13,13.0,few clouds
522,Souillac,MU,2022-09-24 04:00:48,-20.5167,57.5167,71.02,67,37,14.83,scattered clouds
523,Nishihara,JP,2022-09-24 04:00:49,26.1842,127.7558,87.85,76,75,11.5,broken clouds
524,Cairns,AU,2022-09-24 04:00:49,-16.9167,145.7667,98.06,61,6,10.36,clear sky
525,Maarianhamina,AX,2022-09-24 04:00:50,60.0973,19.9348,44.46,100,100,1.14,fog
526,Nizhniy Kuranakh,RU,2022-09-24 04:00:50,58.8353,125.4869,48.76,57,90,6.22,overcast clouds
527,Adrar,MR,2022-09-24 04:00:51,20.5022,-10.0711,82.85,52,84,14.94,broken clouds
528,San Onofre,CO,2022-09-24 04:00:51,9.7359,-75.5263,76.37,90,100,5.06,overcast clouds
529,Tutoia,BR,2022-09-24 04:00:52,-2.7619,-42.2744,78.19,82,20,10.29,few clouds
530,Teya,RU,2022-09-24 04:00:53,60.3778,92.6267,35.64,89,98,7.25,light rain
531,Honiara,SB,2022-09-24 04:00:53,-9.4333,159.95,86.0,66,35,4.5,scattered clouds
532,Staroye Drozhzhanoye,RU,2022-09-24 04:00:54,54.7266,47.5677,58.17,63,100,6.8,overcast clouds
533,Anloga,GH,2022-09-24 04:00:55,5.7947,0.8973,76.68,88,100,11.25,overcast clouds
534,Wanaka,NZ,2022-09-24 04:00:55,-44.7,169.15,60.33,56,76,3.24,broken clouds
535,Port Hardy,CA,2022-09-24 03:57:25,50.6996,-127.4199,53.78,100,100,2.3,mist
536,Ende,ID,2022-09-24 04:00:56,-8.8432,121.6623,89.64,56,16,4.61,few clouds
537,Damietta,EG,2022-09-24 04:00:57,31.4165,31.8133,76.89,60,0,12.06,clear sky
538,Camrose,CA,2022-09-24 04:00:57,53.0168,-112.8353,53.92,71,66,8.84,broken clouds
539,Alofi,NU,2022-09-24 04:00:57,-19.0595,-169.9187,76.55,75,90,21.09,overcast clouds
540,Baherden,TM,2022-09-24 04:00:58,38.4362,57.4316,86.34,12,0,6.15,clear sky
541,Sobolevo,RU,2022-09-24 04:00:58,54.4299,31.8996,43.77,96,100,7.96,overcast clouds
542,Creel,MX,2022-09-24 04:00:59,27.75,-107.6333,60.12,63,81,3.65,broken clouds
543,Tasca,RO,2022-09-24 04:01:00,46.9,26.0167,44.65,91,91,3.62,overcast clouds
544,Karlskoga,SE,2022-09-24 04:01:01,59.3267,14.5239,49.71,90,92,2.68,overcast clouds
545,Murud,IN,2022-09-24 04:01:01,18.3258,72.965,77.83,85,80,7.45,broken clouds
546,Riyadh,SA,2022-09-24 04:00:49,24.6877,46.7219,81.88,25,6,9.19,clear sky
547,Kiama,AU,2022-09-24 04:01:02,-34.6833,150.8667,63.0,85,95,7.61,light rain
548,San Jose,US,2022-09-24 04:01:02,37.3394,-121.895,77.68,56,0,5.75,clear sky
549,Muscat,OM,2022-09-24 03:59:20,23.6139,58.5922,88.95,55,17,0.43,few clouds
550,Mezen,RU,2022-09-24 04:02:03,65.8522,44.24,36.81,95,89,6.76,overcast clouds
551,Aykhal,RU,2022-09-24 04:02:04,66.0,111.5,25.86,91,100,16.58,light snow
552,Sault Sainte Marie,CA,2022-09-24 03:57:05,46.5168,-84.3333,52.36,93,75,0.0,broken clouds
553,Ziarat,PK,2022-09-24 04:01:55,30.3823,67.7282,65.44,15,0,2.59,clear sky
554,Huaraz,PE,2022-09-24 04:02:05,-9.5333,-77.5333,56.82,66,99,1.25,light rain
555,San Luis,AR,2022-09-24 04:01:51,-33.295,-66.3356,58.12,24,93,10.09,overcast clouds
556,Pauini,BR,2022-09-24 04:02:06,-7.7136,-66.9764,72.21,99,100,2.42,overcast clouds
557,Ondjiva,AO,2022-09-24 04:02:06,-17.0667,15.7333,62.28,17,0,4.07,clear sky
558,Maumere,ID,2022-09-24 04:02:07,-8.6199,122.2111,85.51,64,26,2.35,scattered clouds
559,Covington,US,2022-09-24 04:00:16,39.0837,-84.5086,60.3,79,100,4.29,overcast clouds
560,Olga,RU,2022-09-24 04:02:07,43.7444,135.2892,60.19,68,48,12.95,scattered clouds
561,Denpasar,ID,2022-09-24 03:58:02,-8.65,115.2167,85.71,74,40,8.05,scattered clouds
562,Grafton,US,2022-09-24 04:02:08,42.207,-71.6856,48.47,69,4,3.0,clear sky
563,Fandriana,MG,2022-09-24 04:02:09,-20.2333,47.3833,56.41,65,2,2.26,clear sky
564,Marzuq,YE,2022-09-24 04:02:09,14.4,46.4667,76.26,55,83,4.41,broken clouds
565,Stantsionno-Oyashinskiy,RU,2022-09-24 04:02:10,55.4664,83.8245,52.2,47,88,4.9,overcast clouds
566,Amga,RU,2022-09-24 04:02:11,60.8953,131.9608,47.52,62,100,7.18,overcast clouds
567,Barranca,PE,2022-09-24 04:02:11,-10.75,-77.7667,59.97,84,85,7.61,overcast clouds
568,Forbes,AU,2022-09-24 04:02:12,-33.3833,148.0167,62.46,65,75,12.37,broken clouds
569,Anadyr,RU,2022-09-24 04:02:12,64.75,177.4833,44.01,60,52,15.28,broken clouds
570,Kakinada,IN,2022-09-24 04:02:13,16.9333,82.2167,88.27,59,99,6.89,overcast clouds
571,Nynashamn,SE,2022-09-24 04:02:14,58.9034,17.9479,51.12,76,100,4.5,overcast clouds
572,Narsaq,GL,2022-09-24 04:02:14,60.9167,-46.05,46.62,98,100,17.54,heavy intensity rain
573,Inuvik,CA,2022-09-24 04:02:14,68.3499,-133.7218,35.49,77,100,5.1,overcast clouds
574,Matara,LK,2022-09-24 04:02:15,5.9485,80.5353,85.78,65,96,13.2,overcast clouds
575,North Bend,US,2022-09-24 04:02:16,43.4065,-124.2243,58.91,97,0,1.01,clear sky
576,Tombouctou,ML,2022-09-24 04:02:16,20.0,-3.0,91.27,23,9,4.34,clear sky
577,Brownsville,US,2022-09-24 04:00:11,25.9018,-97.4975,80.96,83,0,3.0,clear sky
578,Katobu,ID,2022-09-24 04:02:17,-4.9408,122.5276,90.55,46,13,5.37,few clouds
579,Otradnoye,RU,2022-09-24 03:57:34,59.7775,30.8181,45.95,98,91,4.54,overcast clouds
580,Mugur-Aksy,RU,2022-09-24 04:02:18,50.35,90.5,53.46,37,40,4.85,scattered clouds
581,Gwadar,PK,2022-09-24 04:00:23,25.1216,62.3254,81.19,82,71,8.03,broken clouds
582,Alyangula,AU,2022-09-24 04:02:19,-13.8483,136.4192,87.71,39,76,13.13,broken clouds
583,Niquelandia,BR,2022-09-24 04:02:19,-14.4739,-48.4597,74.61,70,41,1.34,scattered clouds
584,Necochea,AR,2022-09-24 04:00:16,-38.5473,-58.7368,51.67,58,90,7.85,overcast clouds
585,Mortka,RU,2022-09-24 04:02:20,59.3322,66.0214,46.13,77,99,9.6,overcast clouds
586,Pandan,PH,2022-09-24 04:02:21,14.0453,124.1694,82.83,84,100,13.27,overcast clouds
587,Dongobesh,TZ,2022-09-24 04:02:21,-4.0667,35.3833,52.75,86,64,9.15,broken clouds
588,Darhan,MN,2022-09-24 04:02:22,49.4867,105.9228,47.82,64,98,6.53,overcast clouds
589,Hay River,CA,2022-09-24 04:02:23,60.8156,-115.7999,54.45,42,39,11.41,scattered clouds
590,Krasnozerskoye,RU,2022-09-24 04:02:23,53.9828,79.2374,62.1,26,84,6.15,broken clouds
591,Codrington,AU,2022-09-24 04:02:24,-38.2667,141.9667,53.51,54,5,10.76,clear sky
592,Belgrade,RS,2022-09-24 04:02:24,44.804,20.4651,42.33,97,9,2.3,mist
593,Podor,MR,2022-09-24 04:02:25,16.6527,-14.9587,82.96,71,94,12.03,overcast clouds
594,Villefontaine,FR,2022-09-24 04:02:25,45.6125,5.1456,61.48,88,75,3.44,broken clouds
595,San Quintin,MX,2022-09-24 03:59:07,30.4833,-115.95,72.82,71,9,9.8,clear sky
596,Boca Do Acre,BR,2022-09-24 04:03:26,-8.7522,-67.3978,72.68,94,100,1.77,overcast clouds
597,Kupang,ID,2022-09-24 04:03:27,-10.1667,123.5833,88.3,54,9,5.46,clear sky
598,Gorom-Gorom,BF,2022-09-24 04:03:27,14.4439,-0.2361,84.29,61,71,10.36,broken clouds
599,Bulawayo,ZW,2022-09-24 04:03:28,-20.15,28.5833,64.87,43,1,5.17,clear sky
600,Terrasini,IT,2022-09-24 04:03:28,38.146,13.0844,65.61,45,0,3.44,clear sky
601,Urucara,BR,2022-09-24 04:03:28,-2.5364,-57.76,76.86,49,0,2.68,clear sky
602,Fairbanks,US,2022-09-24 04:03:03,64.8378,-147.7164,42.3,90,100,2.46,overcast clouds
603,Mount Vernon,US,2022-09-24 04:03:29,40.9126,-73.8371,52.66,61,0,14.97,clear sky
604,Pochutla,MX,2022-09-24 04:03:30,15.7432,-96.4661,76.82,89,100,2.55,overcast clouds
605,Trelew,AR,2022-09-24 04:00:14,-43.249,-65.3051,52.63,58,1,9.26,clear sky
606,Koungou,YT,2022-09-24 04:03:31,-12.7336,45.2042,74.91,94,75,5.75,broken clouds
607,Gombong,ID,2022-09-24 04:03:32,-7.6072,109.5142,86.29,66,83,8.03,broken clouds
608,Asosa,ET,2022-09-24 04:03:32,10.0667,34.5333,60.31,84,90,4.03,overcast clouds
609,Dhidhdhoo,MV,2022-09-24 04:03:33,6.8833,73.1,82.81,71,72,10.47,broken clouds
610,Pokhara,NP,2022-09-24 04:03:27,28.2333,83.9833,77.67,80,48,4.38,scattered clouds
611,Vao,NC,2022-09-24 04:03:33,-22.6667,167.4833,73.22,81,0,14.05,clear sky
612,Trat,TH,2022-09-24 04:03:34,12.5,102.5,86.83,76,97,8.25,moderate rain
613,Batagay-Alyta,RU,2022-09-24 04:03:34,67.8006,130.4114,32.77,57,78,6.46,broken clouds
614,Terni,IT,2022-09-24 04:03:35,42.6833,12.3167,52.59,85,100,3.51,overcast clouds
615,Beloha,MG,2022-09-24 04:03:35,-25.1667,45.05,70.12,42,0,7.25,clear sky
616,Olinda,BR,2022-09-24 04:00:59,-8.0089,-34.8553,75.97,76,0,9.8,clear sky
617,Salta,AR,2022-09-24 04:00:39,-24.7859,-65.4117,52.57,59,0,1.99,clear sky
618,Saint-Pierre,RE,2022-09-24 04:03:36,-21.3393,55.4781,73.08,56,20,20.71,few clouds
619,Sabla,NG,2022-09-24 04:03:36,12.7525,4.7077,77.81,66,100,7.34,overcast clouds
620,Xinqing,CN,2022-09-24 04:03:37,48.2333,129.5,62.44,56,84,10.98,broken clouds
621,Gualaquiza,EC,2022-09-24 04:03:37,-3.4,-78.55,60.94,97,32,1.74,scattered clouds
622,Praia,CV,2022-09-24 04:03:38,14.9215,-23.5087,75.74,88,40,5.75,scattered clouds
623,Filadelfia,US,2022-09-24 04:02:57,39.9523,-75.1638,52.97,61,0,3.0,clear sky
624,Yazd,IR,2022-09-24 04:03:38,31.8972,54.3675,73.51,20,0,2.3,clear sky
625,Sur,OM,2022-09-24 04:03:39,22.5667,59.5289,88.21,49,100,4.81,overcast clouds
626,Aitape,PG,2022-09-24 04:03:39,-3.1374,142.3475,74.12,95,100,8.01,overcast clouds
627,Talcahuano,CL,2022-09-24 04:03:40,-36.7167,-73.1167,48.24,89,1,9.62,clear sky
628,Thyolo,MW,2022-09-24 04:03:40,-16.0678,35.1405,66.02,69,6,4.45,clear sky
629,Mildura,AU,2022-09-24 04:03:41,-34.2,142.15,63.07,59,14,7.36,few clouds
630,San Fernando,PH,2022-09-24 03:58:44,15.0286,120.6898,89.33,63,63,1.86,broken clouds
631,Usinsk,RU,2022-09-24 04:03:41,65.9939,57.5281,37.74,67,62,10.76,broken clouds
632,Nome,US,2022-09-24 04:03:42,64.5011,-165.4064,44.17,95,93,8.19,overcast clouds
633,Innisfail,AU,2022-09-24 04:03:42,-17.5333,146.0333,81.73,59,5,8.28,clear sky
634,Bilecik,TR,2022-09-24 04:03:42,40.0,30.1667,39.88,92,0,2.51,clear sky
635,Ust-Koksa,RU,2022-09-24 04:03:43,50.2696,85.6108,60.51,54,20,0.78,few clouds
636,Kitui,KE,2022-09-24 04:03:43,-1.367,38.0106,60.12,88,16,4.16,few clouds
637,Holguin,CU,2022-09-24 04:00:10,20.8872,-76.2631,76.5,84,46,5.68,scattered clouds
638,Lazaro Cardenas,MX,2022-09-24 04:03:44,17.9583,-102.2,79.02,84,82,1.77,broken clouds
639,Arona,ES,2022-09-24 04:00:26,28.0996,-16.681,67.91,87,75,13.8,light rain
640,Akdepe,TM,2022-09-24 04:03:44,42.0551,59.3788,79.32,12,26,4.52,scattered clouds
641,Vangaindrano,MG,2022-09-24 04:04:45,-23.35,47.6,66.38,83,1,2.89,clear sky
642,Yerofey Pavlovich,RU,2022-09-24 04:04:45,53.9667,121.9667,53.2,71,98,4.03,overcast clouds
643,Lebanon,US,2022-09-24 04:00:20,36.2081,-86.2911,62.46,80,0,0.0,clear sky
644,Manicore,BR,2022-09-24 04:04:46,-5.8092,-61.3003,77.4,60,22,2.28,few clouds
645,Mkushi,ZM,2022-09-24 04:04:47,-13.6202,29.3939,63.68,42,4,7.4,clear sky
646,Buchanan,LR,2022-09-24 04:04:47,5.8808,-10.0467,76.19,87,99,7.65,light rain
647,Damara,CF,2022-09-24 04:04:48,4.9608,18.7035,69.12,92,100,1.83,overcast clouds
648,Ocean City,US,2022-09-24 04:04:48,39.2776,-74.5746,55.98,64,0,8.01,clear sky
649,Besikduzu,TR,2022-09-24 04:04:49,41.052,39.2284,64.29,86,100,6.49,light rain
650,Ha Tinh,VN,2022-09-24 04:04:49,18.3333,105.9,73.53,97,100,9.19,heavy intensity rain
651,Torbat-E Jam,IR,2022-09-24 04:04:49,35.244,60.6225,76.12,12,0,5.86,clear sky
652,Tuatapere,NZ,2022-09-24 04:04:50,-46.1333,167.6833,56.16,73,92,5.41,overcast clouds
653,Warrington,GB,2022-09-24 04:04:50,53.3925,-2.5802,51.91,87,40,8.05,scattered clouds
654,Caboolture,AU,2022-09-24 04:04:51,-27.0833,152.95,85.05,33,0,8.08,clear sky
655,General Roca,AR,2022-09-24 04:04:51,-39.0333,-67.5833,54.63,41,1,4.36,clear sky
656,Blagoyevo,RU,2022-09-24 04:04:51,63.3667,47.9167,42.06,86,67,9.82,broken clouds
657,Nemuro,JP,2022-09-24 04:04:52,43.3236,145.575,68.99,86,100,26.4,overcast clouds
658,Flinders,AU,2022-09-24 04:00:36,-34.5833,150.8552,60.06,85,94,6.33,light rain
659,Corrales,US,2022-09-24 04:04:53,35.2378,-106.6067,70.97,68,37,4.0,scattered clouds
660,Millbury,US,2022-09-24 04:04:25,42.194,-71.7601,49.14,67,0,18.41,clear sky
661,Jacobina,BR,2022-09-24 04:04:53,-11.1806,-40.5183,70.03,88,6,1.95,clear sky
662,Gizo,SB,2022-09-24 04:04:54,-8.103,156.8419,84.69,67,12,2.42,few clouds
663,Rochegda,RU,2022-09-24 04:04:54,62.8,43.25,40.48,83,100,8.43,overcast clouds
664,Saint-Joseph,RE,2022-09-24 04:02:13,-21.3667,55.6167,71.98,75,46,13.89,scattered clouds
665,Saint-Denis,FR,2022-09-24 04:04:55,48.9167,2.3333,56.75,90,0,5.75,clear sky
666,Gravata,BR,2022-09-24 04:04:55,-8.2011,-35.5647,66.79,97,62,3.58,broken clouds
667,Shaoguan,CN,2022-09-24 04:00:29,24.8,113.5833,91.4,39,34,4.32,scattered clouds
668,Coquimbo,CL,2022-09-24 04:04:56,-29.9533,-71.3436,51.53,100,20,2.3,few clouds
669,Pascagoula,US,2022-09-24 04:04:56,30.3658,-88.5561,75.24,90,0,0.0,clear sky
670,Komsomolskiy,UZ,2022-09-24 04:04:57,40.4272,71.7189,79.52,25,0,2.3,clear sky
671,Kansanshi,ZM,2022-09-24 04:04:57,-12.0951,26.4273,58.62,44,6,4.97,clear sky
672,Monroe,US,2022-09-24 04:00:18,43.1501,-77.6831,49.48,86,7,7.38,clear sky
673,Pastavy,BY,2022-09-24 04:04:58,55.1168,26.8326,43.03,88,94,6.87,overcast clouds
674,Ayan,RU,2022-09-24 04:04:58,56.45,138.1667,44.76,89,100,20.69,light rain
675,Teguise,ES,2022-09-24 04:04:59,29.0605,-13.564,70.02,78,0,4.61,clear sky
676,Skibbereen,IE,2022-09-24 04:04:59,51.55,-9.2667,53.11,77,93,6.85,overcast clouds
677,Broome,US,2022-09-24 04:04:59,42.2506,-75.833,44.55,89,0,4.61,clear sky
678,Cheremukhovo,RU,2022-09-24 04:05:00,60.3484,59.9851,42.48,97,100,5.48,overcast clouds
679,Novyy Urengoy,RU,2022-09-24 04:05:00,66.0833,76.6333,34.09,79,100,11.74,overcast clouds
680,Craig,US,2022-09-24 04:05:01,40.5153,-107.5464,49.62,61,0,0.0,clear sky
681,Ouadda,CF,2022-09-24 04:05:01,8.0777,22.4007,66.69,95,98,3.06,overcast clouds
682,Asyut,EG,2022-09-24 04:05:02,27.181,31.1837,82.0,33,0,2.93,clear sky
683,Bonthe,SL,2022-09-24 04:05:03,7.5264,-12.505,73.24,98,100,4.9,heavy intensity rain
684,Zabaykalsk,RU,2022-09-24 04:05:03,49.6333,117.3167,65.19,36,82,6.71,broken clouds
685,Kjopsvik,NO,2022-09-24 04:05:04,68.097,16.3742,48.07,84,100,4.18,overcast clouds
686,Oeiras,BR,2022-09-24 04:05:04,-7.0253,-42.1311,78.89,55,47,1.34,scattered clouds
687,Navahrudak,BY,2022-09-24 04:06:05,53.6,25.8333,37.99,94,21,5.01,few clouds
688,Sherpur,BD,2022-09-24 04:06:06,25.0188,90.0175,84.27,77,99,3.38,overcast clouds
689,Ust-Kuyga,RU,2022-09-24 04:06:06,70.0167,135.6,33.49,75,56,3.91,broken clouds
690,Huangmei,CN,2022-09-24 04:06:06,30.1924,116.025,75.07,36,95,8.63,overcast clouds
